wall_time_s,elapsed_min,completed_total,window_episode_count,checkpoint_count,latest_checkpoint,train_episode_count,train_success_rate,train_done_timeout,train_survival_ratio_mean,train_survival_ratio_std,train_survival_ratio_median,train_survival_ratio_p90,train_survival_ratio_max,train_v_fwd_mean_mean,train_v_fwd_mean_std,train_v_fwd_mean_median,train_v_fwd_mean_p90,train_v_fwd_mean_max,train_v_fwd_rmse_mean,train_v_fwd_rmse_std,train_v_fwd_rmse_median,train_v_fwd_rmse_p90,train_v_fwd_rmse_max,train_yaw_drift_abs_final_mean,train_yaw_drift_abs_final_std,train_yaw_drift_abs_final_median,train_yaw_drift_abs_final_p90,train_yaw_drift_abs_final_max,train_yaw_rate_abs_mean_mean,train_yaw_rate_abs_mean_std,train_yaw_rate_abs_mean_median,train_yaw_rate_abs_mean_p90,train_yaw_rate_abs_mean_max,train_roll_rms_mean,train_roll_rms_std,train_roll_rms_median,train_roll_rms_p90,train_roll_rms_max,train_pitch_rms_mean,train_pitch_rms_std,train_pitch_rms_median,train_pitch_rms_p90,train_pitch_rms_max,train_tilt_rms_mean,train_tilt_rms_std,train_tilt_rms_median,train_tilt_rms_p90,train_tilt_rms_max,train_vertical_bounce_rms_mean,train_vertical_bounce_rms_std,train_vertical_bounce_rms_median,train_vertical_bounce_rms_p90,train_vertical_bounce_rms_max,train_contact_continuity_score_mean,train_contact_continuity_score_std,train_contact_continuity_score_median,train_contact_continuity_score_p90,train_contact_continuity_score_max,train_diag_support_asym_score_mean,train_diag_support_asym_score_std,train_diag_support_asym_score_median,train_diag_support_asym_score_p90,train_diag_support_asym_score_max,train_swing_scuff_count_mean,train_swing_scuff_count_std,train_swing_scuff_count_median,train_swing_scuff_count_p90,train_swing_scuff_count_max,train_residual_rms_mean,train_residual_rms_std,train_residual_rms_median,train_residual_rms_p90,train_residual_rms_max,train_residual_rate_rms_mean,train_residual_rate_rms_std,train_residual_rate_rms_median,train_residual_rate_rms_p90,train_residual_rate_rms_max,train_joint_vel_rms_mean,train_joint_vel_rms_std,train_joint_vel_rms_median,train_joint_vel_rms_p90,train_joint_vel_rms_max,train_return_total_mean,train_return_total_std,train_return_total_median,train_return_total_p90,train_return_total_max
1776645192.9690523,0.3335586190223694,256,128,1,model_0.pt,128,1.0,128,1.0,0.0,1.0,1.0,1.0,0.10729325062129647,0.013609634279835229,0.10645435005426407,0.1262027531862259,0.14263705909252167,0.21378996269777417,0.021960542686882068,0.21274664252996445,0.24514593780040742,0.2617875039577484,0.04952667235579611,0.04020729705673852,0.03801276721060276,0.10522316694259644,0.17002271115779877,0.02845296816667542,0.00405604640934922,0.0280577652156353,0.03346156775951385,0.042564697563648224,0.017265032591240015,0.002227127529315186,0.017199702560901642,0.02015509698539972,0.023131664842367172,0.012900935944344383,0.002206340969348054,0.01278503518551588,0.015466053504496813,0.022294752299785614,0.02161332907990947,0.002684686612074828,0.021567162694815893,0.02487621212700357,0.03212677852646296,0.13836152607109398,0.004473057738143464,0.13777343183755875,0.14483546763658522,0.1554879993200302,0.45684895874001086,0.017067108776505326,0.4566666781902313,0.47833332419395447,0.4950000047683716,0.7338411486707628,0.02184676690651491,0.7350000143051147,0.7583333253860474,0.7816666960716248,87.287109375,2.060389508208851,87.75,89.75,91.75,0.45543357892893255,0.008641492683344645,0.4554784893989563,0.4666323781013489,0.47629624605178833,0.3553699357435107,0.0017837679839871057,0.3551616817712784,0.3578572809696198,0.3615979850292206,0.444715489866212,0.008342322915476567,0.44509050250053406,0.45561412274837493,0.46032509207725525,355.6453971862793,16.716796266815336,356.21409606933594,375.5587188720703,395.9056396484375
1776645212.9938688,0.6673055609067281,768,128,2,model_25.pt,128,1.0,128,1.0,0.0,1.0,1.0,1.0,0.126865963160526,0.01407672681837973,0.12657445669174194,0.1443907931447029,0.16458278894424438,0.16247713071061298,0.02216831315191617,0.15714583545923233,0.1979919746518135,0.22067366540431976,0.044402355835927665,0.03335086515403451,0.0401938334107399,0.0963043101131916,0.1473182737827301,0.023441966288373806,0.002606617532404541,0.02338949404656887,0.02701324187219143,0.03211253881454468,0.013756511791143566,0.002211533454003901,0.013638684060424566,0.01667028237134218,0.02004230208694935,0.01271324999834178,0.0023238014836310735,0.012424756307154894,0.015740479342639446,0.019685067236423492,0.01882550818612954,0.00259990716520483,0.018368685873559283,0.022011306007336293,0.027189557232459628,0.1385435580741614,0.0047865434944206735,0.13745661079883575,0.1444685086607933,0.16034846007823944,0.4762500007636845,0.014471294959789697,0.47583332657814026,0.4950000047683716,0.5216666460037231,0.7116276039741933,0.023333768392755163,0.7116666436195374,0.740500009059906,0.7683333158493042,86.5625,1.9235891745640492,86.75,89.0,91.5,0.49013525689952075,0.013027671943217948,0.48942235112190247,0.5060555219650269,0.5246677398681641,0.355227158870548,0.002047620173579268,0.35543079674243927,0.357519593834877,0.35993003845214844,0.4253229652531445,0.008064892324258444,0.4255889803171158,0.43666685819625856,0.4429713785648346,407.31589698791504,22.531816643778665,410.8949432373047,431.9832702636719,463.8622131347656
1776645233.0092914,1.0008959372838337,1280,128,3,model_50.pt,128,1.0,128,1.0,0.0,1.0,1.0,1.0,0.1325801388011314,0.03163708003606282,0.13583114743232727,0.17138453274965287,0.1997707188129425,0.1393831255263649,0.01936021607985307,0.13299060612916946,0.1681169331073761,0.20164237916469574,0.04200913087470326,0.03030728925409301,0.037564145401120186,0.08803615644574166,0.12583427131175995,0.021268060394504573,0.003004468169853811,0.021166746504604816,0.025033308751881124,0.029504500329494476,0.015216437022900209,0.004099324203504477,0.013748798053711653,0.021527477912604807,0.026345768943428993,0.015321083417802583,0.002935782097108011,0.015024193096905947,0.019220598228275775,0.025885267183184624,0.021983850491422034,0.0028998527178279404,0.021737097402146147,0.025896426533481776,0.030147247013178294,0.13859164423774928,0.003770026754937912,0.1384584754705429,0.1432776004076004,0.1488923579454422,0.4850911439862102,0.016822588049194006,0.4833333194255829,0.5083333253860474,0.5316666960716248,0.6917578154243529,0.025739333729200987,0.6916666626930237,0.7255000233650207,0.746666669845581,85.97265625,2.1135339497713153,85.75,88.75,90.0,0.536942579317838,0.029526201391664605,0.5287388861179352,0.5816036701202393,0.614224374294281,0.3511486097704619,0.005147292864872095,0.35225696861743927,0.35750008225440977,0.36047542095184326,0.4140203020069748,0.012119982205935603,0.41392576694488525,0.42861444056034087,0.43771257996559143,441.6304919719696,20.266906663936112,445.5799255371094,463.67003173828124,488.951171875
1776645253.0334861,1.3346325159072876,1792,128,4,model_75.pt,128,1.0,128,1.0,0.0,1.0,1.0,1.0,0.13667083546170034,0.04806700629241109,0.1384086087346077,0.19858259260654448,0.22104285657405853,0.12191593390889466,0.017647422150476686,0.11881642788648605,0.14465632438659667,0.17810119688510895,0.036955754126211104,0.02712901839236238,0.02997270692139864,0.07994912937283516,0.1254502832889557,0.020842125413764734,0.003319289147826854,0.020785847678780556,0.02461840584874153,0.031439829617738724,0.015414779969432857,0.004002593422154542,0.013888042885810137,0.02234452571719885,0.02667471580207348,0.017606673063710332,0.002887095350685314,0.01768152229487896,0.021579785272479057,0.024769756942987442,0.023779987850468434,0.002545315182253175,0.023723416583233514,0.02723338419760062,0.030463354081725125,0.1364319259300828,0.004342800357948849,0.1358080431818962,0.1408585727214813,0.15465444326400757,0.49302083160728216,0.015876787605219964,0.4933333396911621,0.5133333206176758,0.5316666960716248,0.6738411434926093,0.027356443145547416,0.6741666793823242,0.7083333134651184,0.7366666793823242,84.81640625,2.4808808712755512,84.75,88.25,91.5,0.577228544279933,0.02936313561235242,0.5703614056110382,0.6173437833786011,0.6594880819320679,0.34572517196647823,0.006894759538247008,0.3475504517555237,0.35314519703388214,0.3562643527984619,0.4101271624676883,0.018290570350070513,0.41339439153671265,0.4316745847463608,0.4568893313407898,472.15672731399536,18.240179836798028,473.8013458251953,495.66441955566404,511.0486755371094
1776645273.049209,1.6682278990745545,2304,128,5,model_75.pt,128,1.0,128,1.0,0.0,1.0,1.0,1.0,0.15216573851648718,0.06009325478243803,0.1533820852637291,0.22551274597644805,0.23610961437225342,0.11811465438222513,0.018940649250508167,0.11554113402962685,0.14249497652053833,0.18128171563148499,0.036895044162974955,0.025212068380170025,0.034041738137602806,0.07155895084142684,0.09508689492940903,0.019309690862428397,0.002585394128387764,0.01919481810182333,0.02240909542888403,0.026598282158374786,0.01818215840467019,0.006288883349577673,0.015239609871059656,0.028881546854972837,0.0328524112701416,0.01648161246703239,0.002834158278441028,0.01614813134074211,0.020713126845657827,0.023523330688476562,0.025162216924523848,0.004084088654891457,0.02431193884702061,0.03167354810578807,0.036517565398102775,0.13716861349530518,0.004568761502749906,0.13608692586421967,0.14200734496116638,0.1597028225660324,0.5055338505189866,0.017607470937817584,0.5024999976158142,0.5288333058357239,0.5533333420753479,0.6665755193680525,0.0354150184968098,0.6650000214576721,0.7154999732971191,0.7366666793823242,85.087890625,2.366471084608284,84.875,88.25,90.25,0.60844268463552,0.026598226939380108,0.6084716320037842,0.6446673095226287,0.6636859774589539,0.34065462183207273,0.00683021588806278,0.3417476415634155,0.3487808287143707,0.35147491097450256,0.40981350070796907,0.024162031808590806,0.412909671664238,0.43817505836486814,0.44775310158729553,483.1133818626404,20.45057647410871,483.77223205566406,508.94110717773435,520.847412109375
1776645293.0662277,2.001844875017802,2816,128,6,model_75.pt,128,1.0,128,1.0,0.0,1.0,1.0,1.0,0.1515454222972039,0.061167662731399466,0.1567176654934883,0.23011258691549302,0.25690335035324097,0.11481507605640218,0.01744041596975245,0.11199139058589935,0.13822543025016784,0.16418129205703735,0.04777918915806367,0.032006440426312996,0.04440373368561268,0.0945990651845932,0.1416056901216507,0.02137664811743889,0.002080872161892086,0.021312334574759007,0.02377550136297941,0.026956778019666672,0.02080464528989978,0.00695421235652281,0.01898843329399824,0.03183494061231613,0.03618089109659195,0.017141781405371148,0.002397318128351751,0.017378502525389194,0.019733426719903947,0.023369215428829193,0.02754659206153018,0.00468693982165958,0.02653195829263747,0.03512525498820536,0.03827199274931007,0.13774264371022582,0.004174967086427835,0.13722211867570877,0.14280865341424942,0.15336647629737854,0.5074479142203927,0.020864495645073183,0.5049999952316284,0.533833360671997,0.574999988079071,0.6315885437652469,0.027484103202447065,0.6316666603088379,0.6655000209808349,0.7099999785423279,83.1953125,2.285086136744904,83.125,86.5,87.5,0.6269278642721474,0.0192800699775614,0.6231310963630676,0.6530720174312592,0.6792400479316711,0.3382576999720186,0.005201239385872093,0.33886443078517914,0.3452731043100357,0.34762513637542725,0.4172735409811139,0.028062459981950266,0.41729557514190674,0.4520516335964203,0.466511607170105,499.25289487838745,17.048496795391117,499.8629608154297,520.9850036621094,535.4226684570312
1776645313.098652,2.3357186118761697,3328,128,7,model_75.pt,128,1.0,128,1.0,0.0,1.0,1.0,1.0,0.1497579290298745,0.06297489745870424,0.15323616564273834,0.2358111336827278,0.2629489600658417,0.11229971016291529,0.018673258030047254,0.10743455588817596,0.13956625312566756,0.17335949838161469,0.04298413693618386,0.030755550443202457,0.0397748202085495,0.08836668580770492,0.12578769028186798,0.020916217028570827,0.002288137956715952,0.020821492187678814,0.02332842256873846,0.029325373470783234,0.023008285243122373,0.008007148297063268,0.021502654999494553,0.03608623594045639,0.044009506702423096,0.017549032570968848,0.0022327028992520483,0.017835618928074837,0.020041025057435036,0.022691549733281136,0.029566013816946964,0.005683304238680267,0.028433120637387056,0.03895731335811364,0.04686287053187895,0.13904603046830744,0.004207762639055861,0.13813965022563934,0.14292657226324082,0.1588650494813919,0.5284505183808506,0.02612834462185708,0.5241666436195374,0.5659999966621398,0.6033333539962769,0.6011458323337138,0.023932734460310967,0.5983333587646484,0.6304999947547912,0.6700000166893005,82.775390625,2.169083152489113,82.75,85.575,88.25,0.6580442353151739,0.024130487528871595,0.6547684073448181,0.696604323387146,0.7275288105010986,0.3316151709295809,0.005680115508212724,0.33295439183712006,0.33794949054718015,0.34232959151268005,0.41728005767799914,0.030116629335176393,0.41512373089790344,0.4590414673089981,0.47178521752357483,515.8183135986328,15.389369315779344,516.6630249023438,533.9773193359375,560.335205078125
1776645333.1121633,2.669277135531108,3840,128,8,model_75.pt,128,1.0,128,1.0,0.0,1.0,1.0,1.0,0.15003113439888693,0.06250589245158568,0.15451111644506454,0.23377536833286286,0.26127222180366516,0.1037395455641672,0.012312948710936664,0.10213703289628029,0.12120398357510566,0.15095514059066772,0.05297738306262545,0.03847835330479635,0.047418707981705666,0.1092711180448532,0.1526488959789276,0.020918037596857175,0.0019555654464652955,0.020945104770362377,0.023195219039916993,0.02728310227394104,0.02624434897734318,0.006770080778475951,0.02480081096291542,0.03644977882504463,0.03969664126634598,0.018253234986332245,0.001996206124201595,0.01858486421406269,0.02062623929232359,0.022271815687417984,0.0323749710505095,0.004860712172809502,0.031509889697074155,0.039645487132598446,0.0426506086730994,0.13888809829950333,0.004474917961149962,0.138351209461689,0.1454281896352768,0.15387585759162903,0.5381901017390192,0.02563264641793636,0.5333333611488342,0.568833327293396,0.6299999952316284,0.5843229154124856,0.024707875041329465,0.5833333134651184,0.615500009059906,0.6549999713897705,82.27734375,2.007611097632193,82.25,84.825,86.5,0.6707353731617332,0.025977761488216376,0.6624020338058472,0.7149827361106873,0.7327933311462402,0.32833696715533733,0.006135769710899752,0.3300665616989136,0.3344874054193497,0.3394792973995209,0.41793540632352233,0.03400517010729923,0.42151065170764923,0.46488994657993316,0.48143815994262695,526.5595479011536,12.962351318888468,527.4818115234375,542.974169921875,555.2822875976562
1776645353.1249716,3.0028239409128825,4352,128,9,model_75.pt,128,1.0,128,1.0,0.0,1.0,1.0,1.0,0.149028424435528,0.06023817332401318,0.14610331505537033,0.23350637406110764,0.2483060210943222,0.10071608377620578,0.013446986022832499,0.09769140556454659,0.1193309560418129,0.13863953948020935,0.054806414560516714,0.03587952567681531,0.0533814150840044,0.10719776004552842,0.1485707014799118,0.021129769025719725,0.0017271678802105253,0.0208034198731184,0.02332782596349716,0.02658422850072384,0.02525964510277845,0.00471085538859833,0.02450387366116047,0.032301584258675575,0.03557749465107918,0.019348984053067397,0.0017905851481592253,0.019553002901375294,0.021197877638041974,0.02372903563082218,0.03204650360969355,0.003294361040197055,0.03197537814071068,0.03705151972377788,0.03920770333733128,0.13994831847958267,0.004233663229507029,0.14005301147699356,0.1451537236571312,0.15489919483661652,0.5391145823523402,0.026469765751323586,0.5383333563804626,0.5716666579246521,0.6050000190734863,0.5540494821034372,0.023551510948805948,0.5491666793823242,0.5866666436195374,0.621666669845581,80.6328125,2.1457938280141806,80.5,83.25,85.75,0.6786856511607766,0.02516071959010856,0.669917494058609,0.7231122434139252,0.7478718161582947,0.32632251526229084,0.006002620850709801,0.32786519825458527,0.3320735514163971,0.33537063002586365,0.422675552777946,0.032019642538777586,0.4227541387081146,0.4652104526758194,0.47786569595336914,536.6903097629547,13.787330092899673,537.7108459472656,552.108740234375,566.1682739257812
1776645373.1418526,3.3364386240641277,4864,128,10,model_75.pt,128,1.0,128,1.0,0.0,1.0,1.0,1.0,0.14728211448527873,0.061396418696538176,0.14467227458953857,0.2342858985066414,0.2527807354927063,0.09952662826981395,0.013209038869043918,0.09806334227323532,0.11780698597431183,0.13174055516719818,0.047175131346193666,0.033054757911689,0.04376884922385216,0.09771332964301109,0.12907114624977112,0.021513435800443403,0.0017561625918608612,0.0214515533298254,0.023546803556382657,0.02817128784954548,0.026713828425272368,0.004476385165770579,0.026533622294664383,0.03318542018532753,0.03556520491838455,0.02044064085930586,0.0015969693663809615,0.02067355439066887,0.022099201194942,0.02523132786154747,0.03382289819165495,0.003169908689607354,0.03380492482407192,0.038261694435328245,0.04050419089853711,0.14031928277108818,0.004055676313303377,0.14018680155277252,0.14453974962234498,0.15500877797603607,0.5442708330228925,0.025721155236092023,0.5441666841506958,0.5799999833106995,0.6066666841506958,0.5298437462188303,0.027979128790152335,0.528333306312561,0.5633333325386047,0.6100000143051147,79.23828125,2.38891061383603,79.5,82.4,84.5,0.6924489261582494,0.02346625886293102,0.6841168999671936,0.7348232984542846,0.7563003301620483,0.322140890173614,0.005781465671362079,0.32352469861507416,0.3280926764011383,0.33459147810935974,0.4274813453666866,0.03218606115129206,0.42793163657188416,0.4709935933351517,0.4861007630825043,544.343074798584,15.257027058910666,546.3083190917969,561.5073303222656,575.7005004882812
1776645393.1562634,3.670012136300405,5376,128,11,model_75.pt,128,1.0,128,1.0,0.0,1.0,1.0,1.0,0.13926858617924154,0.05769489380216642,0.1313362866640091,0.21939999312162398,0.2451145201921463,0.10331232950557023,0.014125661133208579,0.10097698494791985,0.12496631368994712,0.1324516087770462,0.05315923849866522,0.035265309026290895,0.04536322131752968,0.10625033527612686,0.1360386461019516,0.021343298023566604,0.0013992499747774033,0.02140728197991848,0.023146788030862807,0.02439265511929989,0.028076444592443295,0.004668576727671047,0.028109915554523468,0.03433946333825588,0.03680315241217613,0.021443192919832654,0.0013506240817095763,0.021330663934350014,0.02307229023426771,0.025561410933732986,0.03548640401927486,0.0035259307143984614,0.03562627673479117,0.04015752189091682,0.04196737547865188,0.1420675109839067,0.004010828652409279,0.1419031322002411,0.14675585329532623,0.15635956823825836,0.547812499338761,0.024672991536769603,0.5483333468437195,0.5788333177566528,0.596666693687439,0.5056380187161267,0.024620487634963474,0.5066666603088379,0.5383333563804626,0.574999988079071,77.484375,2.162073205715986,77.75,80.0,82.0,0.7090766923502088,0.020378761375459176,0.702876091003418,0.741273146867752,0.7635971903800964,0.3166569643653929,0.005586824518670355,0.31831391155719757,0.32212205827236173,0.32489436864852905,0.4258742535021156,0.030423110095094484,0.421537846326828,0.4686592370271683,0.4805576801300049,545.7694931030273,16.516228962406434,547.7120666503906,565.1218811035156,579.0901489257812
1776645413.1730852,4.00362583398819,5888,128,12,model_75.pt,128,1.0,128,1.0,0.0,1.0,1.0,1.0,0.141985560010653,0.056671846192296725,0.1478472724556923,0.2102653235197067,0.24584902822971344,0.10053234896622598,0.01311630702758153,0.09943549707531929,0.11853239610791207,0.13193057477474213,0.04411449708777582,0.03287311554862794,0.037659138441085815,0.09105600789189339,0.1357422024011612,0.021451030886964872,0.0018307837274360124,0.021438490599393845,0.02401191834360361,0.02656608261168003,0.029261259391205385,0.005133217655875836,0.028638762421905994,0.036308031529188156,0.03995794430375099,0.020565417187754065,0.0014104519539780912,0.02063922118395567,0.022096453048288823,0.02333657629787922,0.035954152498828496,0.0038465441078761563,0.035717897911018204,0.04089220566815948,0.04386762559195989,0.14241244224831462,0.004391283988130945,0.14237073808908463,0.14796408861875535,0.15479549765586853,0.5493098944425583,0.025033420062907263,0.5483333468437195,0.5838333129882812,0.6083333492279053,0.5010937498882413,0.02328160057126615,0.5,0.5350000262260437,0.5699999928474426,76.8203125,1.973936001962513,76.75,79.5,81.5,0.7135271732695401,0.023274869441813388,0.7061536014080048,0.7492860734462738,0.7777515053749084,0.3140470527578145,0.0062100883445205925,0.31573379039764404,0.3195564359426498,0.32481276988983154,0.43221089290454984,0.030361171071151122,0.4369737356901169,0.4705468058586121,0.4877457618713379,552.386974811554,16.16310707138609,554.8252868652344,572.1803100585937,585.8825073242188
1776645433.188381,4.337214096387227,6400,128,13,model_75.pt,128,1.0,128,1.0,0.0,1.0,1.0,1.0,0.13242912213900127,0.05764981646059671,0.12519949302077293,0.21104711741209028,0.2533382177352905,0.10283684014575556,0.014068002202145198,0.10121124237775803,0.1232698954641819,0.1386575847864151,0.05496046515509079,0.03630449608442297,0.05266624130308628,0.10231487974524497,0.1526900827884674,0.02126179302285891,0.001932846109136465,0.021316803991794586,0.023536962829530238,0.026930246502161026,0.029968599061248824,0.004659204882300786,0.030058524571359158,0.03559809252619743,0.041110143065452576,0.022264707804424688,0.0016792772672036664,0.02252297382801771,0.02427792064845562,0.025526147335767746,0.037529218192939584,0.0031496170263111134,0.03784255627465016,0.04129607389825714,0.04454344655415519,0.1421540966257453,0.004946096672843596,0.1413578912615776,0.14937235414981842,0.15873965620994568,0.5508854151703417,0.026962019196928765,0.5516666769981384,0.5838333129882812,0.6133333444595337,0.48238281160593033,0.0268456579605868,0.47833332419395447,0.5159999847412109,0.5666666626930237,75.62109375,2.4590363440199368,75.5,79.0,83.75,0.7216421775519848,0.021176873630438475,0.7151182293891907,0.7535268485546112,0.7801451683044434,0.3112795592751354,0.005637642759171749,0.3125205487012863,0.31684873402118685,0.32174327969551086,0.4256036931183189,0.02995564005127846,0.4240342229604721,0.46676538586616517,0.4819830656051636,556.708854675293,15.9756263981849,559.328369140625,574.1008117675781,584.512451171875
1776645453.2039025,4.670806121826172,6912,128,14,model_75.pt,128,1.0,128,1.0,0.0,1.0,1.0,1.0,0.1455734341579955,0.06009238429694286,0.1456330120563507,0.22867681086063385,0.24582649767398834,0.1044841391267255,0.015704651728590546,0.1052008680999279,0.12454502657055855,0.1437160223722458,0.04172930158711097,0.03326065750417804,0.033457038924098015,0.08650897517800331,0.16273081302642822,0.021523895920836367,0.0016398791608937615,0.021623571403324604,0.023409677669405937,0.02544339746236801,0.028789732023142278,0.00514250617462878,0.028224803507328033,0.036014309898018834,0.039116062223911285,0.02200282040575985,0.00127940149998079,0.022110451944172382,0.02347104325890541,0.024630231782794,0.036420006965898304,0.003825977826730476,0.03626873344567137,0.04173216166752908,0.044496980869933214,0.14072359923738986,0.004388060748359784,0.14038047194480896,0.1464592322707176,0.15409530699253082,0.5529947918839753,0.025955990514248573,0.5516666769981384,0.5871666431427002,0.6183333396911621,0.46860676957294345,0.031220664886130015,0.4650000035762787,0.5116666555404663,0.5516666769981384,74.615234375,2.259507331824431,74.5,78.25,81.0,0.7228396246209741,0.018369828512748407,0.7187303900718689,0.7541186571121216,0.7730445265769958,0.31000293674878776,0.00481924446987821,0.31109294295310974,0.31435506641864774,0.31955331563949585,0.43164833285845816,0.03229961758660066,0.43315640091896057,0.47423273622989653,0.48637378215789795,561.6036958694458,17.1245118578284,563.8655090332031,581.3486267089844,594.0728149414062
1776645473.2171102,5.004359583059947,7424,128,15,model_75.pt,128,1.0,128,1.0,0.0,1.0,1.0,1.0,0.14086187002249062,0.05928640106882089,0.13391511887311935,0.2204962968826294,0.24019759893417358,0.11005593492882326,0.01794609599502064,0.10788598284125328,0.13401106297969817,0.1565442830324173,0.04328069475013763,0.03227612994616601,0.03294813819229603,0.09076797589659691,0.15568660199642181,0.0222136763331946,0.0019368980974083566,0.02231469564139843,0.024491111189126967,0.027384208515286446,0.028883182370918803,0.005527440948240658,0.028257030993700027,0.03786393217742443,0.04163976013660431,0.02154206405975856,0.001384374003986803,0.02177039161324501,0.023273192718625067,0.024050913751125336,0.03625640441953794,0.004030010075993318,0.03574073806031888,0.0427739129231784,0.04605286765607174,0.140192698687315,0.004495061826711131,0.1399955451488495,0.1461830109357834,0.15455226600170135,0.5628906250931323,0.025789177906677053,0.5674999952316284,0.5971666932106018,0.6133333444595337,0.4550911446567625,0.027146007846254847,0.4533333480358124,0.49166667461395264,0.5333333611488342,73.43359375,2.283065282676108,73.5,76.325,79.5,0.7237013056874275,0.02011516068054198,0.7170841991901398,0.7584633767604828,0.7827221155166626,0.3091775404755026,0.006018952914904181,0.3106871396303177,0.3148415297269821,0.3185727894306183,0.42893027421087027,0.03184797119558757,0.4281191825866699,0.4694240987300873,0.476542204618454,564.5951242446899,16.218933221504102,568.7755126953125,583.0662841796875,596.9972534179688
1776645493.230853,5.337921965122223,7936,128,16,model_75.pt,128,1.0,128,1.0,0.0,1.0,1.0,1.0,0.13833222226821817,0.060799370223560606,0.13610026985406876,0.22000809013843536,0.24007001519203186,0.10702869109809399,0.018604915157982228,0.10483475774526596,0.13391416221857072,0.1540723443031311,0.04790730232252827,0.028835247886860673,0.043883124366402626,0.08768111169338226,0.11417745798826218,0.022206544264918193,0.001820838081766019,0.02210709359496832,0.024433589540421963,0.027759507298469543,0.028422305927961133,0.006015252858322659,0.02808399312198162,0.03728165999054909,0.03960666432976723,0.021977312251692638,0.0011029771937463777,0.022071443498134613,0.023389734141528607,0.024285923689603806,0.03618112082764989,0.004376762429638726,0.0358026389003598,0.042563390432142176,0.04480433898086231,0.14026749460026622,0.0050367465542926195,0.13991672545671463,0.14756914228200912,0.1532311886548996,0.5686328122392297,0.02193387913452718,0.5674999952316284,0.596666693687439,0.6200000047683716,0.43576822825707495,0.027748171269708004,0.4325000047683716,0.47266666293144227,0.5133333206176758,72.92578125,1.954152073700621,73.0,75.575,78.5,0.7373157278634608,0.01928414867063441,0.7340533137321472,0.7698816597461701,0.7905821800231934,0.3039705525152385,0.00586285088621249,0.3049670457839966,0.3103546142578125,0.31336480379104614,0.42635940783657134,0.029150306353347907,0.42826932668685913,0.46382890939712523,0.4769020676612854,569.4509334564209,15.82655709691364,573.1444091796875,586.9183349609375,596.4522705078125
1776645513.2477858,5.671537510553995,8704,128,17,model_75.pt,128,1.0,128,1.0,0.0,1.0,1.0,1.0,0.13665120475343429,0.0623902694529344,0.1319422572851181,0.22186797261238098,0.24207013845443726,0.10335659619886428,0.021385394304235205,0.1002124510705471,0.1342799812555313,0.17545339465141296,0.03833864012176491,0.029697579988216937,0.030155709944665432,0.0831038512289524,0.11492064595222473,0.021202273637754843,0.0020203639692057897,0.021368280984461308,0.023726736567914485,0.026790622621774673,0.027153422866831534,0.00572820193804514,0.026577357202768326,0.03534263856709004,0.03754101321101189,0.023322876135353,0.0011792764668288281,0.023326510563492775,0.02503183260560036,0.025757208466529846,0.03604787224489145,0.004002352015279695,0.035695426458257656,0.04191221199167309,0.04439803729575206,0.13991802430246025,0.00630374378013012,0.13870134204626083,0.14876899719238282,0.1572500765323639,0.5722265616059303,0.025811715070689432,0.5699999928474426,0.6071666836738586,0.6349999904632568,0.41951822955161333,0.026448611957972906,0.4191666543483734,0.4516666531562805,0.5083333253860474,72.7734375,2.4816587942531,73.0,75.825,78.5,0.740190006326884,0.017303285517137123,0.7375813722610474,0.7667831599712371,0.7797366380691528,0.3017786059062928,0.006101962312430981,0.3027343600988388,0.30874005854129793,0.31511950492858887,0.42083334387280047,0.028028581178620927,0.42166295647621155,0.4570543825626373,0.46943986415863037,577.5953259468079,17.245299455872136,580.5241088867188,598.1066955566406,608.5811157226562
1776645533.263453,6.005131963888804,9216,128,18,model_75.pt,128,1.0,128,1.0,0.0,1.0,1.0,1.0,0.13787881219468545,0.061626056137700766,0.14194044470787048,0.21610529720783234,0.2329300194978714,0.10388838412472978,0.01875973062931976,0.10099317878484726,0.129903407394886,0.15501177310943604,0.03652602995930465,0.0268944399491177,0.03299443982541561,0.07328987196087837,0.11494554579257965,0.021931422117631882,0.001960863315636513,0.021888641640543938,0.02432155478745699,0.026613568887114525,0.025264568263082765,0.005427745924691672,0.02428649365901947,0.03304367959499359,0.03734901174902916,0.022571464854991063,0.0009615930627148344,0.022653776220977306,0.02371011655777693,0.0252061877399683,0.03410115111158574,0.0039071748266655305,0.033276270472825706,0.03999181498698093,0.04277777546538281,0.1389427512185648,0.005663294819262942,0.13861791044473648,0.1461123064160347,0.15203212201595306,0.5824999967589974,0.020007596065616872,0.5791666507720947,0.6116666793823242,0.6316666603088379,0.39934895862825215,0.02796422877267987,0.3941666781902313,0.4350000023841858,0.48500001430511475,71.69140625,2.462112194836161,71.75,74.825,77.5,0.7375603853724897,0.01607517776338346,0.7390411794185638,0.7588257908821106,0.7737359404563904,0.3014066747855395,0.006017547546600331,0.30259133875370026,0.30840337872505186,0.31076425313949585,0.4219113977160305,0.027905076731852968,0.42537276446819305,0.45419393181800843,0.464432954788208,584.915002822876,13.826170227013225,586.2046203613281,601.7291870117188,611.5853271484375
1776645553.2765694,6.338683903217316,9728,128,19,model_75.pt,128,1.0,128,1.0,0.0,1.0,1.0,1.0,0.13377644171123393,0.06014114921830874,0.14171422272920609,0.21808811873197553,0.23226644098758698,0.10896504181437194,0.022265249641568043,0.10624615475535393,0.13669742792844772,0.17974333465099335,0.038006924070714376,0.024618714279027457,0.03353871591389179,0.06959450915455817,0.11430613696575165,0.02143076427455526,0.002236660767548072,0.021315326914191246,0.023821192421019075,0.029987633228302002,0.024650384904816747,0.005438785365594423,0.02371363341808319,0.03277068957686424,0.035563692450523376,0.02406355286075268,0.0011946875491523155,0.023936246521770954,0.025599398463964463,0.02718929387629032,0.034709248856168384,0.003601633056202848,0.033705524659431566,0.04059132257185315,0.04273423182800813,0.13916287187021226,0.0054536891886266745,0.13841918110847473,0.14636415243148804,0.1517067551612854,0.5815364560112357,0.01924644986677519,0.5808333158493042,0.6055000185966491,0.6399999856948853,0.396197916707024,0.029709923642558093,0.39666667580604553,0.43833333253860474,0.49000000953674316,71.583984375,2.819137539834809,71.5,75.5,78.75,0.7363316514529288,0.016225164915728108,0.7343945205211639,0.7582448720932007,0.7677302956581116,0.3001137343235314,0.00616938245469634,0.30096565186977386,0.3075208753347397,0.3112187087535858,0.4182512143161148,0.026910859193650986,0.42609627544879913,0.450204399228096,0.4597497880458832,584.8596224784851,14.097106699530919,587.7124328613281,600.5030456542969,612.8005981445312
1776645573.2905393,6.672250068187713,10240,128,21,model_75.pt,128,1.0,128,1.0,0.0,1.0,1.0,1.0,0.13513716400484554,0.05760890074700845,0.12970822304487228,0.2139965698122978,0.23191538453102112,0.10272106231423095,0.018519836606056436,0.0984305702149868,0.1293386846780777,0.1529790461063385,0.036525611300248784,0.02549067702370765,0.03260095603764057,0.07431501299142837,0.13137668371200562,0.022042112395865843,0.0023084573868508928,0.02215530350804329,0.024946672655642033,0.02808651514351368,0.023866275514592417,0.0049673969856825415,0.023756179958581924,0.03095449134707451,0.03399317339062691,0.023619759114808403,0.0010279716225002368,0.02353750728070736,0.02496668938547373,0.02652878873050213,0.03379287591090616,0.003356400411175638,0.03326737337423105,0.03896330641714247,0.04176278493818166,0.13864285533782095,0.0060913442835335415,0.13772127777338028,0.1471114844083786,0.1543891727924347,0.5900260419584811,0.01873956717226426,0.5916666388511658,0.6116666793823242,0.6516666412353516,0.37783854198642075,0.026756325849942413,0.37583333253860474,0.4099999964237213,0.46000000834465027,71.056640625,3.19028904385631,70.875,75.5,78.5,0.7352288844995201,0.018471429199268277,0.7325123846530914,0.7612415671348571,0.7819927930831909,0.2996459724381566,0.007271555552012895,0.301947683095932,0.30776711404323576,0.30970481038093567,0.4185423890594393,0.022266941221845176,0.42209960520267487,0.4458379358053207,0.4554077982902527,592.0532627105713,14.083016211851357,594.7845458984375,609.6065673828125,620.0360717773438
1776645593.303217,7.005794696013132,10752,128,22,model_75.pt,128,1.0,128,1.0,0.0,1.0,1.0,1.0,0.12969773198710755,0.05784371492407608,0.12196579575538635,0.20733122080564498,0.2227734923362732,0.10461577551905066,0.023063005192593442,0.09669068828225136,0.14100756794214248,0.16415169835090637,0.036390231953646435,0.028098274567888576,0.028705411590635777,0.07557945773005484,0.14532175660133362,0.02299000592029188,0.002652959872434805,0.022931267507374287,0.02600447852164507,0.033989664167165756,0.02313786043669097,0.004707918196449355,0.023074467666447163,0.030003918334841728,0.03251362219452858,0.022949579215492122,0.0012595392110398456,0.022862480022013187,0.024672073498368263,0.026637308299541473,0.032830545700479205,0.0028195697425829986,0.03233466067639712,0.037136868372797685,0.03914676826766703,0.13848277530632913,0.005477127725315807,0.13843771070241928,0.14625940024852752,0.1505744457244873,0.5955208339728415,0.019415006596404067,0.596666693687439,0.6205000042915344,0.6466666460037231,0.37035156320780516,0.028149412413197957,0.3700000047683716,0.4055000007152557,0.4583333432674408,70.75390625,3.2304073452447044,70.5,75.575,78.75,0.7379158968105912,0.024725814276649372,0.731073409318924,0.7742520213127136,0.7859055399894714,0.2975617744959891,0.01032126438953985,0.3022836744785309,0.30861354768276217,0.3128657937049866,0.41453309799544513,0.02035594848088486,0.41702984273433685,0.4389118582010269,0.44750165939331055,592.7523012161255,16.165899263005574,597.3069763183594,609.1653076171875,623.0466918945312
1776645613.3155053,7.339332834879557,11264,128,23,model_75.pt,128,1.0,128,1.0,0.0,1.0,1.0,1.0,0.1298004298878368,0.05893873322247783,0.12736979126930237,0.20956554114818574,0.22119371592998505,0.10536743915872648,0.020473137556526903,0.1034560352563858,0.13539921045303344,0.1610444039106369,0.03605145952474231,0.024700353212842974,0.03199600428342819,0.0683363325893879,0.11369308084249496,0.023028689305647276,0.0025905673060053393,0.02318087685853243,0.026273096352815627,0.028868418186903,0.023449878382962197,0.0046690148819381145,0.02349891234189272,0.029605382308363914,0.033043231815099716,0.022996408923063427,0.0013400345826455448,0.022850249893963337,0.024829892069101335,0.025956252589821815,0.03308725978519446,0.0027495912587088885,0.032822251691375516,0.03699412662407709,0.040079084600769664,0.13865669805090874,0.005426145583450039,0.13836810737848282,0.14560199528932571,0.1523866355419159,0.5998046868480742,0.02034172485799534,0.5983333587646484,0.6288333296775818,0.653333306312561,0.36455729114823043,0.027268983876084035,0.36500000953674316,0.398333340883255,0.4333333373069763,70.83984375,3.078519069794101,70.875,74.825,78.0,0.7415799838490784,0.022396158390908426,0.7352591454982758,0.7767719149589538,0.7839887142181396,0.2957194969058037,0.009718717306645825,0.3001174032688141,0.30521502792835237,0.3097847104072571,0.41332865320146084,0.020638984478958667,0.41860949993133545,0.43711878955364225,0.44301915168762207,597.0819635391235,14.085064147943358,597.8670959472656,614.4464233398437,623.9271240234375
1776645633.331469,7.672932231426239,11776,128,24,model_75.pt,128,1.0,128,1.0,0.0,1.0,1.0,1.0,0.14576512925850693,0.05870990450931902,0.15830261260271072,0.2150281310081482,0.23519867658615112,0.10558490094263107,0.02140831604154234,0.10435827821493149,0.13337740302085876,0.15508559346199036,0.04190524540626939,0.02832096158630839,0.036238037049770355,0.0804448626935482,0.12649741768836975,0.02279855871165637,0.0026584705603362653,0.02307983860373497,0.025743354111909866,0.028963668271899223,0.02174467076838482,0.004044405323103055,0.02142792660742998,0.027510626800358293,0.03167134150862694,0.023062196385581046,0.001612733705389117,0.02293216995894909,0.025265035592019557,0.026783736422657967,0.0319346753129688,0.0019571014357616847,0.031462611691250156,0.03486865497916827,0.03786252592952771,0.13712954008951783,0.005545523470402664,0.13610726594924927,0.1453599974513054,0.14782999455928802,0.6065364619717002,0.01780441000415918,0.6058333516120911,0.6276666641235351,0.6566666960716248,0.35854166746139526,0.02757565489485183,0.35333332419395447,0.39716667532920835,0.4333333373069763,71.224609375,2.6324002540290317,71.25,74.75,78.0,0.7454187641851604,0.025886259168608865,0.7437437176704407,0.778791868686676,0.7949285507202148,0.2924333824776113,0.011358412627025308,0.2953092157840729,0.30568219125270846,0.30880001187324524,0.4156889715231955,0.01977868553271161,0.4213460683822632,0.43652992248535155,0.4437950849533081,599.9843525886536,15.59317309392966,602.4811096191406,616.8974365234375,636.782470703125
1776645653.346935,8.006523331006369,12288,128,25,model_75.pt,128,1.0,128,1.0,0.0,1.0,1.0,1.0,0.13324951491085812,0.05696938973792014,0.14500006288290024,0.21012317538261413,0.22470934689044952,0.10192092129727826,0.019522379572528514,0.09999123588204384,0.1314436361193657,0.16681596636772156,0.044657740040520366,0.030755178499883403,0.03747839666903019,0.0885000318288803,0.12847672402858734,0.023163861143984832,0.0028298128546483986,0.023501327261328697,0.026207028515636922,0.02876024879515171,0.02209069752279902,0.003829947076689461,0.021951901726424694,0.027528226561844348,0.030497398227453232,0.02270032661908772,0.0015294321086173899,0.02262922003865242,0.024927905946969985,0.025773171335458755,0.031890413942218386,0.001820137751967205,0.03171803363211545,0.03443663434811817,0.037173992764987514,0.13771880883723497,0.005474041644822519,0.13756562024354935,0.14444504231214522,0.15546607971191406,0.6072916686534882,0.019041714065612277,0.6066666841506958,0.6304999947547912,0.6566666960716248,0.350182292284444,0.028464184012302704,0.3466666638851166,0.38999998569488525,0.44333332777023315,70.373046875,2.97564923551193,70.25,74.75,77.75,0.7419759561307728,0.02628408198728235,0.7415003478527069,0.7782561480998993,0.7869289517402649,0.29294571932405233,0.01199017721997701,0.2953971326351166,0.30667650401592256,0.30982983112335205,0.4110408159904182,0.018277781053752846,0.4168543517589569,0.430262964963913,0.4395574629306793,604.1469841003418,14.034627258091794,607.6229858398438,619.126220703125,625.0269165039062
1776645673.362402,8.340114446481069,12800,128,26,model_75.pt,128,1.0,128,1.0,0.0,1.0,1.0,1.0,0.1336284452700056,0.05403872913248735,0.12856552749872208,0.21115611344575883,0.22589464485645294,0.09613441766123287,0.019341208724454727,0.08980736508965492,0.12690229564905167,0.14532539248466492,0.04063245677843952,0.02907446488305032,0.03588763251900673,0.0816197469830513,0.12574954330921173,0.023116168849810492,0.0035415974253369385,0.023920876905322075,0.026942685060203076,0.029065968468785286,0.021992290232446976,0.003419998488787144,0.02246987074613571,0.02643363457173109,0.02902645617723465,0.02288356758072041,0.0017701788110411419,0.02268327586352825,0.025101670064032078,0.027633829042315483,0.031941924321398904,0.0013645102498593652,0.03178369089480777,0.0337962397252764,0.03544209548311909,0.13681414851453155,0.004980043164381628,0.13634973019361496,0.1432815432548523,0.1518554389476776,0.6150520867668092,0.017504877781054067,0.6150000095367432,0.6383333206176758,0.67166668176651,0.3476432296447456,0.02904627431516714,0.3449999988079071,0.38549998998641966,0.41333332657814026,71.20703125,3.1849115370797096,71.0,75.325,79.75,0.7445623255334795,0.030095212700395058,0.7410055100917816,0.7879953265190125,0.7972538471221924,0.2909837975166738,0.013925786837793863,0.29703888297080994,0.3055816560983658,0.3093137741088867,0.4103961403016001,0.015442432922589528,0.4123305678367615,0.4280474573373795,0.4343554377555847,609.6732053756714,15.816041830659119,613.3214721679688,625.1266967773438,638.5607299804688
1776645693.3755825,8.673667454719544,13312,128,27,model_75.pt,128,1.0,128,1.0,0.0,1.0,1.0,1.0,0.1421397032099776,0.05107446075202179,0.14321136474609375,0.20609571039676666,0.21999669075012207,0.09856877225684002,0.01885839327799182,0.09270388260483742,0.12451704367995262,0.15120352804660797,0.041590518511156915,0.029519149042587765,0.03717917390167713,0.08392593637108803,0.12802545726299286,0.022613387125602458,0.00309186032530696,0.023147087544202805,0.026176045648753643,0.028186006471514702,0.021741334938269574,0.0033752025845711015,0.021991358138620853,0.026286141015589237,0.029186729341745377,0.023376093260594644,0.0018492762867940258,0.02353862766176462,0.02584914807230234,0.027006367221474648,0.03213114618950441,0.0012363821603898152,0.03211028293250875,0.03379819860515151,0.03523861476967221,0.13668309478089213,0.005358244380875655,0.1357269436120987,0.1441764011979103,0.14923444390296936,0.617656250949949,0.01912635585733893,0.6183333396911621,0.6399999856948853,0.6600000262260437,0.34141927189193666,0.02575769372421172,0.3383333384990692,0.3759999990463257,0.4116666615009308,71.228515625,3.3516302213073654,71.25,75.5,78.75,0.7519980617798865,0.029355289560840967,0.7533730864524841,0.7874174356460572,0.8008074760437012,0.2868567006662488,0.013931762252975502,0.29063184559345245,0.3042133986949921,0.30758410692214966,0.4116671143565327,0.013435741362850358,0.4143490493297577,0.42543989419937134,0.4430755078792572,610.1611466407776,15.017666794858986,613.9056701660156,625.7573547363281,632.5491943359375
1776645713.3901453,9.007243502140046,13824,128,28,model_75.pt,128,1.0,128,1.0,0.0,1.0,1.0,1.0,0.13077443480142392,0.05035760852986526,0.13277143239974976,0.19828729182481766,0.2259633094072342,0.09359525531181134,0.018210314399574167,0.0906820259988308,0.12039832398295403,0.1535608023405075,0.0416302470816845,0.031120829543183008,0.0373248104006052,0.07939895391464233,0.13876591622829437,0.0231274833495263,0.003334592553726744,0.0239456407725811,0.026814649999141692,0.028446853160858154,0.02246280573308468,0.00330588977906562,0.022867443040013313,0.026729277148842812,0.02865646407008171,0.02312366916157771,0.0017484685651275862,0.023016031831502914,0.0257166538387537,0.026872480288147926,0.03242739773350563,0.0013159189503938393,0.03236399219693381,0.034250654141887465,0.03553347706888085,0.13800235697999597,0.0047657834810585055,0.13758809864521027,0.14456495642662048,0.14940670132637024,0.6190234390087426,0.01789063229217944,0.6183333396911621,0.6433333158493042,0.6666666865348816,0.33753906190395355,0.024636211719838555,0.33500000834465027,0.36883333921432493,0.4050000011920929,71.1640625,2.9976288643849407,71.25,74.825,77.5,0.7473883265629411,0.03006255128105686,0.7480129599571228,0.7884864389896393,0.8017369508743286,0.2890679957345128,0.013850688803430794,0.29213932156562805,0.3046141088008881,0.3105071783065796,0.41127891978248954,0.012661320397598489,0.4144833832979202,0.42363582253456117,0.43157169222831726,615.3005018234253,13.198650888489354,618.3277893066406,629.1307006835938,637.7659912109375
1776645733.4031332,9.340793299674989,14336,128,29,model_75.pt,128,1.0,128,1.0,0.0,1.0,1.0,1.0,0.13633760213269852,0.05255196477320428,0.13361097872257233,0.2028006508946419,0.21768724918365479,0.10106445918790996,0.02128044094735873,0.09579038619995117,0.13147721588611602,0.1595982164144516,0.040002587624940134,0.028285918073778536,0.03551817312836647,0.08076314404606819,0.13423262536525726,0.022568376232811715,0.003647019399922087,0.024001781828701496,0.02614757716655731,0.03067784570157528,0.022204667038749903,0.0038237896014136617,0.022388347424566746,0.027321566455066205,0.029606565833091736,0.023056809543049894,0.0018519324217487257,0.022946517914533615,0.025503586791455746,0.027371853590011597,0.03225155182932722,0.0015975386746638668,0.03208580986169504,0.03438035471318211,0.03624708542580864,0.13670724735129625,0.005114529638559539,0.1362229660153389,0.14336840957403182,0.14902964234352112,0.6185546875931323,0.01712693621506879,0.6183333396911621,0.6416666507720947,0.6616666913032532,0.3294921866618097,0.031245527024944847,0.3258333206176758,0.3665000081062317,0.41333332657814026,70.96875,3.0943812487313194,71.125,74.825,78.0,0.7551047545857728,0.03148984577337542,0.7584091126918793,0.7957348585128784,0.8038488030433655,0.28497993922792375,0.01451396284758812,0.28937552869319916,0.30212574899196626,0.305284708738327,0.41118985158391297,0.013612688023878917,0.4139549285173416,0.42618543207645415,0.4323843717575073,609.6506600379944,18.193830459209334,616.3061828613281,627.2300170898437,638.3184204101562
1776645753.4167562,9.674353682994843,14848,128,30,model_75.pt,128,1.0,128,1.0,0.0,1.0,1.0,1.0,0.14176931642577983,0.05067455116473741,0.15187199413776398,0.2004332199692726,0.21753722429275513,0.10157158802030608,0.020455317752471697,0.09856882318854332,0.1320755660533905,0.16989341378211975,0.041046181825890926,0.028210663536926146,0.03943437151610851,0.07531328201293945,0.12963804602622986,0.021186930884141475,0.0038398710881524883,0.022060059942305088,0.02544818427413702,0.028414783999323845,0.021824175331857987,0.003441352743216165,0.021372986026108265,0.02681595329195261,0.029279544949531555,0.02334878488909453,0.0016998435035072306,0.023263171315193176,0.0255059365183115,0.026631703600287437,0.032160845566039334,0.0013684932699554253,0.03189308224372135,0.03418842314701165,0.035761788581607744,0.13662542775273323,0.0054005632898988685,0.13540983945131302,0.14437154233455657,0.15623362362384796,0.617044273763895,0.01744187954647831,0.6166666746139526,0.6404999852180481,0.6583333611488342,0.33131510484963655,0.027317619306049395,0.3258333206176758,0.3705000042915344,0.39500001072883606,71.8125,3.349877563061074,72.375,75.75,82.5,0.7642203206196427,0.032111052889375935,0.7739869654178619,0.8017882227897644,0.812121570110321,0.28093926585279405,0.01497875847410911,0.2796207666397095,0.3006748467683792,0.30727529525756836,0.41036697453819215,0.010599630980599793,0.4115612506866455,0.42236760556697844,0.4323095977306366,609.7382493019104,17.026325808363428,615.2449340820312,625.6354797363281,633.1817626953125
1776645773.4306731,10.007918965816497,15360,128,31,model_750.pt,128,1.0,128,1.0,0.0,1.0,1.0,1.0,0.14116285581258126,0.050936215690188344,0.14931390434503555,0.20618624836206437,0.21837368607521057,0.09680511441547424,0.02182656335126032,0.09186013042926788,0.12822349071502684,0.15452222526073456,0.03496862204485751,0.027879863743720354,0.026627753861248493,0.07276819348335266,0.11773870885372162,0.021036421167082153,0.003886212166601002,0.022810593247413635,0.02528528533875942,0.027082236483693123,0.021679230936570093,0.0032156608525015346,0.021287061274051666,0.025995178520679472,0.028373919427394867,0.023254519866895862,0.0018569562351868044,0.023372476920485497,0.025512009114027023,0.026528462767601013,0.03198989338384133,0.0010941803823715126,0.031677017633615454,0.033579943282260855,0.03475554907007167,0.13633510458748788,0.005371571626204732,0.13550597429275513,0.14367931485176086,0.15406686067581177,0.6154296910390258,0.018363188675003035,0.6133333444595337,0.6416666507720947,0.67166668176651,0.32669270876795053,0.025366228294309432,0.3258333206176758,0.36000001430511475,0.3933333456516266,71.58984375,3.0948126923266193,71.5,75.75,81.75,0.7668908406049013,0.033104681168073885,0.7734813988208771,0.808370578289032,0.8153616786003113,0.27942659705877304,0.016245497652812954,0.27860091626644135,0.3002453237771988,0.30653488636016846,0.4105531247332692,0.009944903956144426,0.41058045625686646,0.4233908951282501,0.429724782705307,613.8512058258057,18.998754356428172,620.5900268554688,631.5151611328125,640.9899291992188
1776645793.4458168,10.341504693031311,15872,128,32,model_775.pt,128,1.0,128,1.0,0.0,1.0,1.0,1.0,0.13681315496796742,0.051157469633902296,0.13689570128917694,0.20436752140522002,0.21859323978424072,0.09549712558509782,0.02394211104216751,0.08909616619348526,0.13595156967639924,0.15922583639621735,0.03951698997934727,0.027965415815879198,0.03406497277319431,0.07733376398682594,0.1496945321559906,0.02145526179810986,0.004010978983697575,0.022751469165086746,0.02568011488765478,0.027910582721233368,0.021860075430595316,0.0033236740336595088,0.02202229853719473,0.025926208309829234,0.02749590575695038,0.02309830037120264,0.0018621503197133562,0.02289764489978552,0.025864645093679427,0.027485767379403114,0.03200876440320898,0.0011609445054391488,0.03180864919691104,0.03351205566842572,0.03501389470436976,0.1362342279171571,0.004902965947293832,0.1350252479314804,0.1428777888417244,0.15130549669265747,0.6165885431692004,0.019544350899219517,0.6166666746139526,0.6433333158493042,0.6666666865348816,0.3284895836841315,0.0272888349316105,0.3266666531562805,0.3616666793823242,0.39500001072883606,71.79296875,3.0950296240946447,71.875,76.075,79.25,0.7700768834911287,0.030879157337573775,0.7735414803028107,0.8100394964218139,0.8156875371932983,0.2779387575574219,0.01561142836301498,0.2798326462507248,0.2986211657524109,0.3024160861968994,0.40849856240674853,0.01060728465482413,0.40730172395706177,0.4237072169780731,0.43220770359039307,614.4682607650757,20.745708244384417,621.8795776367188,634.2946838378906,640.9950561523438
1776645813.4635608,10.675133760770162,16384,128,33,model_800.pt,128,1.0,128,1.0,0.0,1.0,1.0,1.0,0.13907415661378764,0.05190898515487905,0.14445967972278595,0.20598546862602232,0.2205202430486679,0.09766440215753391,0.02261599867394045,0.09379970654845238,0.12833356559276582,0.1603599190711975,0.04142745718854712,0.029170271736494526,0.035856954753398895,0.08585016280412673,0.1415918916463852,0.021277238374750596,0.0040710987916323955,0.02247891016304493,0.025473935715854167,0.029748398810625076,0.021928968286374584,0.0031859549032784867,0.0212817108258605,0.026511500403285027,0.02752738818526268,0.022708345437422395,0.0017859005026699267,0.02280774712562561,0.02530235480517149,0.02624557353556156,0.03175637155792076,0.0011921482024342279,0.03154910185302489,0.03345426558169448,0.03455211477007177,0.13637306459713727,0.004892555699161747,0.1354132890701294,0.14205562174320222,0.15968652069568634,0.6137630213052034,0.019991585112994408,0.6141666769981384,0.6388333201408386,0.6616666913032532,0.3235546867363155,0.025289444797312214,0.3233333230018616,0.35333332419395447,0.38999998569488525,70.958984375,3.299025859970767,71.0,75.0,79.75,0.7741660652682185,0.031541130154645325,0.7824531495571136,0.8096439898014068,0.8156858086585999,0.2759337746538222,0.015043006405150548,0.27303972840309143,0.2973905563354492,0.30309680104255676,0.4080144129693508,0.009909376871604357,0.4067388027906418,0.4220512807369232,0.43141889572143555,612.8252606391907,18.613133907629603,619.0977172851562,630.3268371582031,640.5419921875
1776645833.4802358,11.008745010693868,16896,128,34,model_825.pt,128,1.0,128,1.0,0.0,1.0,1.0,1.0,0.13733323747874238,0.052859667655044094,0.1371702402830124,0.20500532835721968,0.22129005193710327,0.09575286039034836,0.021852636257257082,0.09127986431121826,0.12801436781883238,0.1424855887889862,0.04945176156616071,0.030982757856296027,0.0422006081789732,0.09434296563267708,0.1324670910835266,0.021507205136003904,0.003931626875523081,0.02274525724351406,0.025711604207754136,0.027890723198652267,0.021920125553151593,0.0030431762613057686,0.021630452945828438,0.02618515361100435,0.027868185192346573,0.022512256662594154,0.001775326004560365,0.022383670322597027,0.0249173354357481,0.026125546544790268,0.031598635793198396,0.0011101911984378646,0.031270235184091374,0.033145270369910655,0.034716217413236786,0.1354088339721784,0.004279444752582888,0.13496357947587967,0.1410579040646553,0.14632700383663177,0.6184374992735684,0.019246601140613172,0.6183333396911621,0.6449999809265137,0.6733333468437195,0.3190755208488554,0.025338686796675666,0.31833332777023315,0.3576666623353958,0.3916666805744171,71.109375,2.8563850487766875,71.25,74.5,78.0,0.7736822334118187,0.03025440093824738,0.7813498973846436,0.8067441940307617,0.8164545893669128,0.2747493665665388,0.015244700556799514,0.271956667304039,0.29688766598701477,0.30273592472076416,0.4073747848160565,0.01126478029357317,0.40629376471042633,0.42225220799446106,0.4305233657360077,615.7038011550903,18.852372521667014,620.7698059082031,634.6718688964844,642.4177856445312
1776645853.4946408,11.342318427562713,17408,128,35,model_850.pt,128,1.0,128,1.0,0.0,1.0,1.0,1.0,0.13640253120684065,0.0526224121465859,0.1327715739607811,0.2044706627726555,0.21710644662380219,0.09407592655043118,0.02131523073613915,0.09004711359739304,0.12715423554182054,0.1436108499765396,0.037064592390933626,0.02745718198116735,0.03088364191353321,0.0757880724966526,0.12959593534469604,0.021753776527475566,0.004128124136197956,0.023302260786294937,0.026114913634955883,0.028728291392326355,0.021951799528324045,0.0030822056841925704,0.02184403035789728,0.02603294774889946,0.027225203812122345,0.02271745793404989,0.001911136906393452,0.022483084350824356,0.025388076528906824,0.026771150529384613,0.03178032190342073,0.001062060914759074,0.03157020452242727,0.033254815385403536,0.03402084800886941,0.136343194055371,0.004840910916701247,0.13558202981948853,0.14305470287799835,0.14876769483089447,0.6160416672937572,0.019517840374506792,0.6150000095367432,0.6399999856948853,0.6733333468437195,0.31869791727513075,0.026866873539561263,0.3191666603088379,0.3538333237171173,0.39500001072883606,70.595703125,3.278588368965405,71.0,74.75,77.5,0.7773868106305599,0.029136717083127792,0.7815663814544678,0.8126381635665894,0.822018563747406,0.27376105822622776,0.015050720250964478,0.27339011430740356,0.29485674798488615,0.30022287368774414,0.4077696311287582,0.01145851224463423,0.4068565368652344,0.4236463636159897,0.4326912760734558,617.7436013221741,18.57235930815224,624.8918151855469,635.3725524902344,647.411865234375
1776645873.5108562,11.675922016302744,17920,128,36,model_875.pt,128,1.0,128,1.0,0.0,1.0,1.0,1.0,0.1386421507340856,0.05134003625567916,0.14190109819173813,0.20418106764554977,0.21820636093616486,0.09251020092051476,0.020306515648411533,0.087056715041399,0.11945606991648675,0.1461571455001831,0.04306314548819046,0.035087262769861516,0.03416847810149193,0.09162160381674767,0.14159806072711945,0.022441022330895066,0.003842804362834423,0.02379221934825182,0.026776403561234473,0.03060811385512352,0.021580408720183186,0.0033601168288890345,0.020958048291504383,0.026368841528892517,0.02782726287841797,0.02242238965118304,0.0016963295647197377,0.022453038953244686,0.024807053804397582,0.02577310800552368,0.03131689465110052,0.001377543722513325,0.03090877471667544,0.033340513145956145,0.0345004164845154,0.13655215979088098,0.005474667140027086,0.13546214252710342,0.1421738862991333,0.1613694429397583,0.6182031268253922,0.02108762224351222,0.6166666746139526,0.6449999809265137,0.675000011920929,0.3135937493061647,0.029258367133855247,0.31333333253860474,0.351666659116745,0.39500001072883606,70.58203125,3.1314167518909772,70.5,74.325,78.75,0.7772557782009244,0.02809323178776222,0.7834582030773163,0.808665257692337,0.8190382122993469,0.27364620566368103,0.014144097294448097,0.2701376676559448,0.29511122703552245,0.30260351300239563,0.4106610219459981,0.011016284420181344,0.40970879793167114,0.42584913671016694,0.4337109625339508,619.2147560119629,16.660185124113557,622.6484985351562,636.2050598144531,643.477783203125
1776645893.5284863,12.009549184640248,18432,128,37,model_900.pt,128,1.0,128,1.0,0.0,1.0,1.0,1.0,0.13789380100206472,0.05265937829216951,0.13567376881837845,0.20852339267730713,0.2203931212425232,0.09214127023005858,0.02121577718290424,0.08777014538645744,0.12557194232940674,0.14217092096805573,0.04210860017246887,0.030652790083851442,0.03879276104271412,0.0814446210861206,0.12449226528406143,0.021806402241054457,0.004047242366883402,0.02360429149121046,0.02582546379417181,0.028583230450749397,0.02161424585210625,0.0032668083498205735,0.021576290018856525,0.02618874702602625,0.027610065415501595,0.022507747300551273,0.001611661890367013,0.022425624541938305,0.024626557156443594,0.02567141130566597,0.03138945120938874,0.0013214219301525346,0.03127482835666365,0.03325996991897047,0.0344894594433453,0.13619158510118723,0.004885663891127287,0.1354568600654602,0.14158465415239335,0.16037414968013763,0.6183203142136335,0.019633684867813195,0.6183333396911621,0.6404999852180481,0.6800000071525574,0.31249999918509275,0.027534700632218558,0.3100000023841858,0.3499999940395355,0.3799999952316284,70.615234375,2.8349627876867025,70.75,73.825,78.75,0.7809767327271402,0.025790874735633317,0.7844270467758179,0.811511081457138,0.8191292881965637,0.271751421270892,0.013621967558297617,0.2709035128355026,0.29251913726329803,0.2994470000267029,0.41069427807815373,0.01064207854255017,0.40790171921253204,0.4278919339179993,0.43313899636268616,619.7624320983887,18.426390893319176,625.8324890136719,636.6253967285156,644.171142578125
1776645913.5455356,12.343166673183442,18944,128,38,model_925.pt,128,1.0,128,1.0,0.0,1.0,1.0,1.0,0.14554969788878225,0.052730210024003715,0.15584518760442734,0.21285935640335082,0.22335265576839447,0.0952582928002812,0.02261660023604573,0.09082074090838432,0.12929112464189527,0.15183591842651367,0.04461081407805523,0.03418943331555979,0.039037901908159256,0.09327862635254859,0.1462400108575821,0.021688105087378062,0.003926841186889603,0.02272841241210699,0.025969753228127956,0.02783515676856041,0.021392343856859952,0.0033986734544942904,0.020249707624316216,0.026495005749166013,0.027893977239727974,0.022801140556111932,0.0017440593557249077,0.022740982472896576,0.02511536907404661,0.026188230141997337,0.031468297368364075,0.0013650536152445846,0.031039677677840792,0.03356820003851061,0.03415410195493671,0.13530864799395204,0.0051352742599718145,0.13475581258535385,0.14116979837417604,0.15828026831150055,0.6143750022165477,0.01939402808710609,0.6150000095367432,0.6366666555404663,0.6650000214576721,0.30707031255587935,0.02981551210997052,0.3083333373069763,0.34166666865348816,0.398333340883255,70.46484375,3.2106594884207103,70.875,74.25,77.25,0.7829914912581444,0.026804105240084513,0.7881489396095276,0.8153437316417694,0.8235650658607483,0.27003632369451225,0.013651573500842402,0.2663624733686447,0.29223587214946745,0.30006951093673706,0.4131732259411365,0.012239357672804303,0.41235144436359406,0.43082537949085237,0.439253568649292,618.5353093147278,19.46804289477197,625.9512939453125,635.5960754394531,649.0886840820312
1776645933.5592906,12.67672925790151,19456,128,39,model_950.pt,128,1.0,128,1.0,0.0,1.0,1.0,1.0,0.14498250768519938,0.05092885736581046,0.14904457330703735,0.21293146759271622,0.2253301739692688,0.09335448921774514,0.02071235297999723,0.09174324572086334,0.12337301447987556,0.16875576972961426,0.03895917259296766,0.02642113565283803,0.035586753860116005,0.076101753115654,0.10411172360181808,0.021983954233292025,0.004103959664721828,0.023573379032313824,0.02652076128870249,0.027844298630952835,0.021332212680135854,0.0032443999722902507,0.02076832763850689,0.025861078687012196,0.02787059359252453,0.023155988033977337,0.001537483720559984,0.023112405091524124,0.02533988617360592,0.026202334091067314,0.031659436223513526,0.001353944253178039,0.031242560576558137,0.03374236767127867,0.03504334842521927,0.13564481399953365,0.0051612002643849925,0.13466967642307281,0.14241044968366623,0.15565350651741028,0.6126953144557774,0.02223817534311466,0.6100000143051147,0.6421666502952575,0.6800000071525574,0.30380208254791796,0.032175149716301005,0.3016666769981384,0.35049999356269834,0.375,70.154296875,3.3503324656838513,70.0,74.25,79.75,0.7818316943012178,0.026709776510182043,0.7866621911525726,0.8131054520606995,0.8223531246185303,0.2700488588307053,0.013228011718106473,0.267347514629364,0.29062279760837556,0.300779789686203,0.41193882655352354,0.011136831642832114,0.4105847477912903,0.42834057807922366,0.4387418329715729,620.9111580848694,17.37265918112002,625.8642272949219,636.790478515625,644.8896484375
1776645953.5726073,13.010284535090129,19968,128,40,model_975.pt,128,1.0,128,1.0,0.0,1.0,1.0,1.0,0.14893842130550183,0.05542461135892655,0.16111604869365692,0.21185626685619355,0.22311393916606903,0.09771918959449977,0.02450157653250303,0.09440610930323601,0.13227450251579284,0.16489256918430328,0.04878979972363595,0.03577654583483226,0.04206068627536297,0.09941420182585715,0.17073823511600494,0.020758329876116477,0.00422075938510062,0.021295055747032166,0.025838614627718925,0.028962625190615654,0.021028230112278834,0.00334279963024259,0.019664335995912552,0.025931365601718426,0.02743029221892357,0.02328669720736798,0.0016317429673384282,0.023533299565315247,0.025204962864518166,0.02617378905415535,0.03157091545217156,0.001253363663839531,0.031154450843999794,0.033456931433827414,0.03467438876181275,0.13477192993741482,0.004049589224297337,0.13447953760623932,0.13981326967477797,0.1463775336742401,0.6146744806319475,0.021822411837514773,0.6133333444595337,0.6454999804496765,0.6700000166893005,0.3083203110145405,0.027679728232055285,0.3100000023841858,0.34166666865348816,0.3816666603088379,70.5703125,3.1508210580487983,70.75,74.75,78.75,0.783999617677182,0.028701075840614335,0.7916772365570068,0.8142618656158447,0.8229191899299622,0.2687768037430942,0.014759277240096708,0.26394423842430115,0.29274882674217223,0.2969403564929962,0.41243716003373265,0.01248456153187593,0.4106534570455551,0.4298227846622467,0.43862399458885193,617.9456667900085,19.701199808241764,625.4964294433594,638.0280822753906,646.7396850585938
1776645973.584247,13.343811865647634,20480,128,41,model_975.pt,128,1.0,128,1.0,0.0,1.0,1.0,1.0,0.1408491224865429,0.05082052937332974,0.1429985836148262,0.20749712437391282,0.21920692920684814,0.09261747848358937,0.02110500523904544,0.08697167783975601,0.125266994535923,0.1436280757188797,0.0393614634504047,0.03257320537249609,0.028306346386671066,0.08570921421051024,0.1597728729248047,0.021363690961152315,0.004077403103058346,0.022519918158650398,0.025795903243124484,0.02788516692817211,0.021390261739725247,0.0031623716962545178,0.020871639251708984,0.02607664931565523,0.027400022372603416,0.022933169777388684,0.0014773147215993343,0.023070532828569412,0.025055791437625884,0.025923525914549828,0.031525610756410714,0.0013388402816222492,0.031244809685849605,0.03352926700926985,0.03511412805884502,0.13558835245203227,0.004577524262810849,0.13514745235443115,0.14175791442394256,0.15702664852142334,0.6170442746952176,0.01927754873203546,0.6166666746139526,0.6393333196640014,0.675000011920929,0.3057291654404253,0.02723734232319812,0.3033333420753479,0.34383333325386045,0.3866666555404663,70.625,3.0628188609514604,70.5,74.325,77.75,0.7863068329170346,0.025505318281762168,0.791753888130188,0.8160721361637115,0.8278201222419739,0.2678110556444153,0.013482945383154988,0.26490725576877594,0.2866169512271881,0.29932254552841187,0.4094262816943228,0.010189188927331436,0.40778228640556335,0.42530632615089414,0.4323068857192993,621.122950553894,18.69138301224689,627.3365173339844,637.8918579101562,646.701416015625
1776645993.5981905,13.67737758954366,20992,128,42,model_975.pt,128,1.0,128,1.0,0.0,1.0,1.0,1.0,0.14939648407744244,0.05244563461433001,0.16314265877008438,0.2096909612417221,0.2200782746076584,0.09933505294611678,0.02400458524943003,0.09387114644050598,0.13148913234472276,0.15565259754657745,0.045201158902273164,0.035714432419484736,0.0367437619715929,0.09846956729888914,0.16936223208904266,0.02039373309526127,0.004096499000884683,0.020330099388957024,0.02546301167458296,0.028690433129668236,0.02091522718546912,0.003290869147197508,0.019751128740608692,0.026422428712248803,0.027670366689562798,0.023101587881683372,0.0015390546238177973,0.023438459262251854,0.024829293973743914,0.026148509234189987,0.031343412209872475,0.0013853197450463216,0.030902266294502163,0.033656026328794275,0.03457216628875559,0.13569126010406762,0.004759202742968463,0.13508065789937973,0.14147907346487046,0.15768647193908691,0.6141015663743019,0.020152307276616446,0.6133333444595337,0.6388333201408386,0.6733333468437195,0.3086848958628252,0.029550048822970805,0.3050000071525574,0.3499999940395355,0.37166666984558105,70.638671875,2.8822613114244144,70.75,74.5,76.25,0.7917150841094553,0.02627019448081201,0.7972631752490997,0.8193538665771485,0.8304809927940369,0.26498949620872736,0.01375736769660164,0.26037588715553284,0.2882368266582489,0.2982109487056732,0.412023248616606,0.01041643608639694,0.4125463217496872,0.42577864825725553,0.434789776802063,617.4502530097961,19.777954510121166,622.6474609375,638.6820861816407,643.9073486328125
1776646013.6151435,14.010993472735088,21760,128,43,model_975.pt,128,1.0,128,1.0,0.0,1.0,1.0,1.0,0.1388624013925437,0.053995038550180695,0.14257153868675232,0.2095372870564461,0.22019363939762115,0.09484880938543938,0.022625067210324246,0.08884326741099358,0.12875746488571166,0.1616506576538086,0.049239293421123875,0.035515791917682546,0.03955168277025223,0.10572322085499763,0.15419639647006989,0.021618474143906496,0.004157792377807637,0.023235145024955273,0.02627728898078203,0.02775215543806553,0.02161293891549576,0.0031890263017278577,0.020770197734236717,0.026141931675374507,0.027583006769418716,0.022840544159407727,0.0015713213210405929,0.022816586308181286,0.025004031136631966,0.02623557485640049,0.03161885867635922,0.0013024214042689094,0.031220309472816746,0.03355297746125993,0.03468301035339827,0.13656688015908003,0.004863407105720063,0.13611070066690445,0.14154719561338425,0.15917831659317017,0.6149479169398546,0.021320283722238487,0.6150000095367432,0.6433333158493042,0.675000011920929,0.30005208344664425,0.03155197037532828,0.2958333194255829,0.34383333325386045,0.37166666984558105,70.125,2.6690866298230187,70.25,73.5,76.25,0.7879747631959617,0.02589617558044431,0.7914153039455414,0.8195404469966888,0.8288747072219849,0.2662865601014346,0.014586484323958471,0.262615829706192,0.2893439561128616,0.29608023166656494,0.41243079816922545,0.010767874856464249,0.41146475076675415,0.4284125715494156,0.4351213872432709,621.7878413200378,18.477023149165124,627.0519714355469,638.7186340332031,650.3583374023438
1776646033.6322198,14.344611410299937,22272,128,44,model_975.pt,128,1.0,128,1.0,0.0,1.0,1.0,1.0,0.13978686364134774,0.05378880891511537,0.14663932472467422,0.2047427490353584,0.21801084280014038,0.09585361936478876,0.02394034102246435,0.09059609100222588,0.1306784525513649,0.16161559522151947,0.041679966529500234,0.03204257608518824,0.037539415061473846,0.08849587813019752,0.14768366515636444,0.021018723848101217,0.004318977891094899,0.022148900665342808,0.02577599585056305,0.02793845720589161,0.02134714784915559,0.00322831908442793,0.020426212809979916,0.026126539334654808,0.027518263086676598,0.022860730095999315,0.0016727761108533282,0.023170506581664085,0.0250247810035944,0.02589542604982853,0.03146461385809321,0.0012296343378618998,0.031123757402597423,0.03345216461640517,0.034233784889595616,0.1363396920496598,0.005166052087160423,0.13549385219812393,0.14211507588624955,0.15822350978851318,0.6204427103511989,0.018980617582888628,0.621666669845581,0.6433333158493042,0.6683333516120911,0.3037369790254161,0.02819801167857216,0.3050000071525574,0.3405000030994415,0.3733333349227905,70.59375,2.6366927082047313,70.5,74.25,75.75,0.791099164634943,0.02270395761165865,0.7956384420394897,0.8177315294742584,0.8250665664672852,0.26483476639259607,0.013891388386552133,0.2601986527442932,0.28592000603675843,0.2963705360889435,0.40975772705860436,0.010269990601207613,0.408083900809288,0.42510623633861544,0.4329892694950104,621.7874193191528,18.60323636454518,627.7767028808594,639.9837524414063,644.8131713867188
1776646053.6476045,14.678201154867809,22784,128,45,model_975.pt,128,1.0,128,1.0,0.0,1.0,1.0,1.0,0.14433372669736855,0.05051530553926406,0.15205688774585724,0.2093077704310417,0.2146560400724411,0.09439125005155802,0.022715388645704618,0.09117408469319344,0.1271328955888748,0.15127310156822205,0.038338504265993834,0.02763084785834975,0.03444868512451649,0.07690104693174363,0.12700432538986206,0.02043365079589421,0.004330843666769247,0.02181928139179945,0.025257920660078526,0.027651142328977585,0.021172235909034498,0.0029234242476147074,0.020390675403177738,0.02556179538369179,0.02742801420390606,0.022939286325708963,0.0014992112309261385,0.023078633472323418,0.024845420382916927,0.02630952186882496,0.03136704739231006,0.001173376348713076,0.03091521189557668,0.033091650509089444,0.0348103763476986,0.13625519955530763,0.004363704631222183,0.13600628823041916,0.14200261533260344,0.14969012141227722,0.6216536457650363,0.02057811530334688,0.6200000047683716,0.6483333110809326,0.675000011920929,0.3053645835025236,0.03024490517291632,0.3016666769981384,0.3481666624546051,0.3933333456516266,71.29296875,2.963500189644576,71.0,75.325,77.5,0.7939408980309963,0.0212602510932596,0.7980977594852448,0.8185001075267792,0.8290812373161316,0.2635878084693104,0.012437059776982201,0.25930970907211304,0.28423126339912413,0.29025423526763916,0.409853620454669,0.010423726355890723,0.4081939607858658,0.4253395855426788,0.4337593615055084,622.8014302253723,19.78024327472215,629.1318664550781,641.6205688476563,654.6166381835938
1776646073.665014,15.01182464758555,23296,128,46,model_975.pt,128,1.0,128,1.0,0.0,1.0,1.0,1.0,0.14463791376329027,0.051373994211898345,0.1491323858499527,0.20679067224264144,0.2180631011724472,0.09369070795946755,0.023914389629441625,0.0901230163872242,0.13074963241815568,0.15331889688968658,0.03552565822803899,0.026328604940045686,0.03208332136273384,0.06645044237375258,0.15232646465301514,0.020569591484672856,0.004293961737709853,0.02106920164078474,0.025427515059709548,0.027758508920669556,0.020967093121726066,0.0028752341903529777,0.02011790219694376,0.02549846563488245,0.026536032557487488,0.02292758684779983,0.0014916581261381315,0.022776526398956776,0.024914010241627694,0.025843165814876556,0.031216806296459957,0.0011385310283354901,0.03087058621480008,0.03305596415906777,0.03396290242758617,0.1361507053952664,0.004855726711234168,0.13527607172727585,0.14316033720970153,0.15464335680007935,0.619791666045785,0.0224468853754514,0.621666669845581,0.6483333110809326,0.6766666769981384,0.3048437498509884,0.028551882847399453,0.30416667461395264,0.3431666672229767,0.4000000059604645,71.052734375,2.7515358537448424,71.25,74.5,78.0,0.7967424225062132,0.020293600362448195,0.7976172268390656,0.8229634642601014,0.8336727619171143,0.2620752531802282,0.012539384640762557,0.25938767194747925,0.28194527626037597,0.2900579571723938,0.4102413391228765,0.01190102183257904,0.40720120072364807,0.42773841619491576,0.43615075945854187,622.7895469665527,19.540731919321104,628.297607421875,641.9221374511719,652.8863525390625
1776646093.6787229,15.345386461416881,23808,128,47,model_975.pt,128,1.0,128,1.0,0.0,1.0,1.0,1.0,0.14071802768739872,0.05264221559307556,0.14653458446264267,0.20736612230539322,0.21674637496471405,0.09439755335915834,0.02261030737064703,0.08990765735507011,0.127438285946846,0.15427593886852264,0.04130309519121056,0.0311071567212474,0.03851402550935745,0.08564657121896743,0.11875782161951065,0.020219863254169468,0.004339149865343657,0.02157483622431755,0.024904741160571574,0.028502492234110832,0.021237183595076203,0.0028528227833784746,0.02018896583467722,0.02538702990859747,0.027022648602724075,0.022828085930086672,0.0014558316100828014,0.02285916917026043,0.024784672260284423,0.025614559650421143,0.03132238427588577,0.0011426990270488326,0.030945682056871773,0.033001183447324174,0.03438430847260635,0.1352887679822743,0.004653783015018788,0.13460303097963333,0.14056279212236406,0.15920382738113403,0.6217317711561918,0.019756983001537668,0.6225000023841858,0.6466666460037231,0.6650000214576721,0.3053385412786156,0.02795578808042361,0.3075000047683716,0.3400000035762787,0.38499999046325684,71.19140625,2.5480699602760004,71.0,74.575,78.0,0.7982898456975818,0.01947463256189057,0.8001799881458282,0.8232642889022828,0.8305913209915161,0.2611976923653856,0.012202684201681874,0.25757524371147156,0.27895199656486513,0.28577539324760437,0.40848724730312824,0.011677297901285365,0.40519241988658905,0.4258377134799957,0.43626052141189575,621.6740999221802,20.506172056653522,629.7161254882812,641.4045227050781,650.39892578125
1776646113.693854,15.678971982002258,24320,128,48,model_975.pt,128,1.0,128,1.0,0.0,1.0,1.0,1.0,0.1426292471587658,0.05207999139805408,0.14246924966573715,0.20814439207315444,0.21680551767349243,0.09686011853045784,0.02324053754719658,0.08974309638142586,0.13013558685779572,0.1661187708377838,0.04052826259930953,0.028737521121856055,0.03446438908576965,0.07947567254304885,0.11557264626026154,0.02063735999399796,0.004314545243914053,0.022388768382370472,0.025451199524104594,0.027077095583081245,0.021313770732376724,0.002795191246573532,0.020689647644758224,0.025803218595683575,0.0274656992405653,0.022775538091082126,0.0014910215470225604,0.02273760922253132,0.024732823111116888,0.025377899408340454,0.03133273085922219,0.0011393745796725067,0.031077084805913088,0.03310391535264543,0.03436056546364402,0.1360181167256087,0.00419469858289944,0.13551009446382523,0.14131773561239241,0.14983175694942474,0.6236979155801237,0.020142645922108026,0.625,0.6499999761581421,0.6800000071525574,0.30351562425494194,0.028217620915345652,0.3016666769981384,0.3466666638851166,0.3633333444595337,71.228515625,2.786867105798348,71.5,74.5,79.25,0.7997551113367081,0.017382418810050017,0.799999475479126,0.8221921920776367,0.8272623419761658,0.2610919364960864,0.01121532637748543,0.2589685916900635,0.27866610884666443,0.2888660430908203,0.40925627504475415,0.011524375665308095,0.4067954272031784,0.42667102813720703,0.43304023146629333,621.5557188987732,20.05342954144164,628.8901062011719,640.8081359863281,650.1649780273438
1776646133.7106164,16.012584686279297,24832,128,49,model_975.pt,128,1.0,128,1.0,0.0,1.0,1.0,1.0,0.14677442589891143,0.052367041516882845,0.1508278325200081,0.20761502534151077,0.216871440410614,0.0980693009623792,0.02341043746125106,0.09695839509367943,0.12890043705701829,0.1826351135969162,0.037060140988614876,0.02599882342296425,0.03353224694728851,0.07512192130088806,0.12611213326454163,0.01996986874291906,0.004404274490171997,0.02086566388607025,0.025255614891648293,0.027685699984431267,0.02112885112001095,0.0029159077854008916,0.02000175416469574,0.026250355318188666,0.027464454993605614,0.0230950586264953,0.0014336718461054317,0.02309574279934168,0.024957912974059582,0.02541232295334339,0.03144609644443824,0.0012292413087787698,0.031156476280496677,0.03349965316531381,0.03470824688580819,0.13564404158387333,0.0043869318968378914,0.13522207736968994,0.14117205291986465,0.1473388820886612,0.6164453127421439,0.01847996121820219,0.6158333420753479,0.6416666507720947,0.6549999713897705,0.29971354187000543,0.027797561938841017,0.2983333468437195,0.33666667342185974,0.375,70.71875,2.895814598260738,71.0,74.0,77.5,0.7998504126444459,0.017178267480141007,0.8019190430641174,0.8196839570999146,0.8261102437973022,0.25966665148735046,0.010805710156006055,0.25547754764556885,0.2789619296789169,0.28481993079185486,0.4107252391986549,0.010914968821524224,0.408792182803154,0.4270963728427887,0.43285849690437317,622.4757370948792,18.398377308320214,628.5139465332031,640.725341796875,647.778076171875
1776646153.7243629,16.346147127946217,25344,128,50,model_975.pt,128,1.0,128,1.0,0.0,1.0,1.0,1.0,0.14047822396969423,0.05327086957528691,0.13934031128883362,0.20511707812547683,0.22076724469661713,0.09317382637527771,0.02416201283489562,0.08587554842233658,0.12513570114970207,0.17723345756530762,0.04223570459544135,0.03097688091954132,0.03648511879146099,0.08535978347063064,0.1539073884487152,0.020088159559236374,0.004645901956944635,0.02143437135964632,0.025647662207484247,0.028177279978990555,0.021524988653254695,0.003032447578678476,0.020874624140560627,0.025779946148395537,0.027359146624803543,0.02324028055591043,0.0015111652593527152,0.023179184645414352,0.02524489536881447,0.02618551254272461,0.03183488405078012,0.0012063552843441258,0.03152562665038393,0.03362497612280901,0.034825801636938006,0.13628376426640898,0.005144560750794358,0.13550084084272385,0.14197113662958144,0.15840157866477966,0.6191276079043746,0.02093616325354269,0.6175000071525574,0.6459999799728393,0.6733333468437195,0.3007291676476598,0.0283116883789173,0.3008333444595337,0.33500000834465027,0.3733333349227905,71.19921875,3.032113178485994,71.25,74.75,77.5,0.7979383738711476,0.017967339313328373,0.7990830540657043,0.821511858701706,0.8289152979850769,0.26097661710809916,0.01145889453065581,0.2583620250225067,0.27813921868801117,0.28388744592666626,0.40946854115463793,0.01123741245491111,0.40544235706329346,0.4259970664978027,0.4347964823246002,624.6220321655273,18.89939966995162,632.2873229980469,642.1264953613281,648.747314453125
1776646173.7406487,16.67975189288457,25856,128,51,model_975.pt,128,1.0,128,1.0,0.0,1.0,1.0,1.0,0.1362325741793029,0.05164945157030976,0.1377761885523796,0.20290560126304627,0.21949638426303864,0.09242679813178256,0.02221559110431067,0.0871487557888031,0.12374396324157715,0.19574882090091705,0.03570321561454648,0.02734992180580197,0.03183694928884506,0.06975213065743446,0.15281841158866882,0.020695966872153804,0.004195161459664099,0.021801712922751904,0.025467727705836295,0.027812886983156204,0.021712040892452933,0.00288998425291974,0.02097899653017521,0.025985138677060603,0.027667216956615448,0.0229134348774096,0.0014733895798797914,0.0231842752546072,0.024723859131336214,0.025563683360815048,0.0317118547414981,0.001148639319884887,0.031408310840867294,0.03340920939061648,0.03497016598690701,0.1370812808163464,0.004892859489173337,0.13584591448307037,0.14292901754379272,0.159688800573349,0.619283857755363,0.019509703078590613,0.6183333396911621,0.6449999809265137,0.6700000166893005,0.2968619780149311,0.02561282001935141,0.2966666519641876,0.33216667771339414,0.3499999940395355,70.875,2.8811076429040274,71.0,74.325,78.75,0.7972340481355786,0.0172095813670135,0.7987226843833923,0.8196492195129395,0.8290193676948547,0.26107389864046127,0.011146038738065545,0.2578185498714447,0.27864634692668916,0.2855476140975952,0.40815711417235434,0.011064147297058102,0.40542833507061005,0.4249937742948532,0.4382478594779968,626.1761112213135,17.39029783740242,631.7312316894531,643.957373046875,653.2970581054688
1776646193.7587464,17.01338685353597,26368,128,52,model_975.pt,128,1.0,128,1.0,0.0,1.0,1.0,1.0,0.14533192210365087,0.052724715093301004,0.1604449525475502,0.20763264894485473,0.21720649302005768,0.09528962508193217,0.021611468438132258,0.09131049364805222,0.1243911564350128,0.14661848545074463,0.03581882532034797,0.02534563581043895,0.03145524952560663,0.06946830675005913,0.109593965113163,0.01981605708715506,0.004214863724789539,0.01937144435942173,0.02495906502008438,0.028937887400388718,0.02126207237597555,0.002948826231302406,0.020067538134753704,0.02631972040981054,0.027734875679016113,0.02298748746397905,0.0014731185331631773,0.023140410892665386,0.02481646090745926,0.025460824370384216,0.031463895022288496,0.001178671289796947,0.031069776077711254,0.033538493971525495,0.03471952709291865,0.13709959550760686,0.005161789802190354,0.13581246137619019,0.1418478012084961,0.15955063700675964,0.6187239615246654,0.019545041452084168,0.6166666746139526,0.6488333106040954,0.6666666865348816,0.2957421879982576,0.029461905403045965,0.29499998688697815,0.3355000078678131,0.3766666650772095,70.875,2.752662063802965,71.0,74.25,77.25,0.8007006119005382,0.017073148663379195,0.8033016920089722,0.8219140648841858,0.8283084034919739,0.2587896133773029,0.011056751438133184,0.25463180243968964,0.27821633517742156,0.2860114276409149,0.41073228884488344,0.011388983755644908,0.4102218747138977,0.42723262310028076,0.439725399017334,622.7326426506042,17.74142679346647,627.9527587890625,639.558447265625,647.3720092773438
1776646213.773558,17.346967045466105,26880,128,53,model_975.pt,128,1.0,128,1.0,0.0,1.0,1.0,1.0,0.1506618278217502,0.05116018556319157,0.16061396896839142,0.20797285139560698,0.22147156298160553,0.10016043612267822,0.02631901668582131,0.09697730839252472,0.13540089279413223,0.1906222552061081,0.04083832109336072,0.028879897658680258,0.037616124376654625,0.08110124915838242,0.12140209227800369,0.01920442932896549,0.004109871746910254,0.019441538490355015,0.024172530695796012,0.027532247826457024,0.021123831029399298,0.0027858770156672648,0.020053436048328876,0.02566898912191391,0.028800150379538536,0.023242722207214683,0.0014399553266093424,0.023392880335450172,0.02501762378960848,0.026392005383968353,0.031543475911289955,0.001133173633335663,0.031185438396648363,0.033210415534255064,0.035477877909515836,0.13575035729445517,0.0049817161235427235,0.13502412289381027,0.14184396862983703,0.15692168474197388,0.6194661469198763,0.02023294258860678,0.6166666746139526,0.6466666460037231,0.6800000071525574,0.30104166583623737,0.02917856962094817,0.3008333444595337,0.3383333384990692,0.38333332538604736,71.380859375,2.969237598732141,71.25,75.25,79.25,0.804155770689249,0.016973223993046682,0.8055445849895477,0.8231963157653809,0.8358011841773987,0.2575561908306554,0.010086648696927424,0.25387905538082123,0.27436454892158507,0.2819432318210602,0.41131602064706385,0.0121172437638549,0.4085666686296463,0.4291673839092255,0.43628978729248047,620.10622215271,20.29022771772144,626.0180053710938,641.1211975097656,647.5191040039062
1776646233.7928162,17.680621349811553,27392,128,54,model_975.pt,128,1.0,128,1.0,0.0,1.0,1.0,1.0,0.14458165960968472,0.048926861398907805,0.15186624974012375,0.2030896782875061,0.22065035998821259,0.09551617861143313,0.021011742827995547,0.09084843471646309,0.12471686229109764,0.1529368907213211,0.037788902531247004,0.025477203835775546,0.033665379509329796,0.0745017409324646,0.11290942132472992,0.01940467386157252,0.0038819113613548705,0.019858735613524914,0.02417897768318653,0.025848275050520897,0.021346904293750413,0.002691695188377342,0.02044125646352768,0.025638543255627155,0.027152560651302338,0.023222607997013256,0.0012380044221035503,0.023333944380283356,0.024717355892062188,0.02561798319220543,0.03166139173030391,0.0011462969711243957,0.03138150714087537,0.033403801964977844,0.03435228737132987,0.13554356188979,0.004085070460058253,0.13532377779483795,0.14082156121730804,0.14637376368045807,0.6198958363384008,0.017441300750578793,0.6200000047683716,0.6426666498184204,0.6616666913032532,0.29363281186670065,0.02329464285167336,0.2941666543483734,0.3238333225250244,0.35333332419395447,71.064453125,2.6276486068208844,71.25,74.5,76.5,0.8013007338158786,0.014753133279292445,0.8029773235321045,0.821250855922699,0.8288110494613647,0.2584827193059027,0.009298953677684144,0.25506065785884857,0.27445543110370635,0.28109511733055115,0.4076464578974992,0.010985209453768074,0.4058452397584915,0.4235939085483551,0.432333767414093,624.8400177955627,16.64329572702974,629.7250366210938,641.590283203125,652.1679077148438
1776646253.806668,18.014185547828674,27904,128,55,model_975.pt,128,1.0,128,1.0,0.0,1.0,1.0,1.0,0.14043521851999685,0.05308242380763599,0.1469423696398735,0.20784114599227904,0.21636854112148285,0.09530059128883295,0.02332217123952503,0.0907442457973957,0.13317155539989473,0.1462755799293518,0.04066114830152401,0.025090364867286146,0.03907206654548645,0.07445740625262261,0.10640044510364532,0.01896432469948195,0.004131033874938547,0.019657859578728676,0.02385437339544296,0.02626887522637844,0.021493298569112085,0.0028088860220219208,0.021123834885656834,0.025552632473409175,0.027548056095838547,0.022916894828085788,0.0013574282968161627,0.02288732212036848,0.024746111780405044,0.025438427925109863,0.03155066273787085,0.0011975328844653947,0.031178748179527815,0.03320807930539191,0.03511730075318884,0.13644321425817907,0.00470001792718319,0.13545986264944077,0.14246890991926192,0.15551036596298218,0.6221744809299707,0.019937568868055436,0.6208333373069763,0.647166645526886,0.6783333420753479,0.3014583344338462,0.024960906448628497,0.3008333444595337,0.3333333432674408,0.38499999046325684,71.412109375,2.7603834234191287,71.25,75.075,78.0,0.8024250552989542,0.017123694738460257,0.8026702404022217,0.8247817635536194,0.8342188596725464,0.25785444083157927,0.010577072132333762,0.25417517125606537,0.2748706996440887,0.2813747525215149,0.40668987459503114,0.01321053198346692,0.4029768705368042,0.4279934197664261,0.4371102452278137,622.9929699897766,18.717958454892358,629.33544921875,640.9994384765625,647.0321655273438
1776646273.821837,18.347771696249644,28416,128,56,model_975.pt,128,1.0,128,1.0,0.0,1.0,1.0,1.0,0.13768170203547925,0.05151373830389257,0.13888944685459137,0.20810026228427886,0.2183200567960739,0.0927940551773645,0.021139774632856653,0.08798699080944061,0.1270044192671776,0.14413194358348846,0.03591765549890624,0.02459895374396951,0.03125220537185669,0.07272180914878845,0.11427748203277588,0.019770783997955732,0.004076321542211427,0.02131055388599634,0.02424436528235674,0.026437226682901382,0.021548950346186757,0.0027034945776833424,0.02108065690845251,0.025359664298593997,0.02646864950656891,0.022999620239716023,0.0012949544659575274,0.0231580613180995,0.024687673337757586,0.025520801544189453,0.031640300439237594,0.001103163772440581,0.031272009572740275,0.033226352052729925,0.03397116535293285,0.13627030607312918,0.004908015942284948,0.13533571362495422,0.14180775433778764,0.15735572576522827,0.6197786461561918,0.022121006440827873,0.6200000047683716,0.643833315372467,0.675000011920929,0.297864583786577,0.025630875552484757,0.29499998688697815,0.33216667771339414,0.36666667461395264,70.63671875,3.260029502688348,70.5,74.5,77.5,0.8023566077463329,0.01580302628258198,0.8016456365585327,0.8243181228637695,0.8343953490257263,0.25798614299856126,0.009916565118125383,0.25505341589450836,0.27229486405849457,0.2814696133136749,0.4060727085452527,0.013798065340968422,0.40270285308361053,0.42684672176837923,0.4371302127838135,625.83971118927,17.292173194888676,631.7683715820312,641.6337463378907,650.27880859375
1776646293.8429291,18.681456565856934,28928,128,57,model_975.pt,128,1.0,128,1.0,0.0,1.0,1.0,1.0,0.13929144269786775,0.05086080256339362,0.14271530508995056,0.20338962227106094,0.21699030697345734,0.09567404250265099,0.02527654224292694,0.09073569998145103,0.12800168097019196,0.1861703097820282,0.04144780657679803,0.032852749930731576,0.03397864289581776,0.07528108358383179,0.17647434771060944,0.020130521916144062,0.00404117354073109,0.0212809881195426,0.02474705222994089,0.02715151198208332,0.02153468332835473,0.0026604360158018294,0.021038828417658806,0.025420926883816718,0.027247833088040352,0.022856154653709382,0.0013170235699862304,0.02279352955520153,0.02476955484598875,0.025724366307258606,0.03152256223768606,0.0011344304544941334,0.03118326175922637,0.03317499505307839,0.03447374537131652,0.13651703717187047,0.005463829114969109,0.13568498939275742,0.1418879210948944,0.15599596500396729,0.6156901060603559,0.018417803910203992,0.6166666746139526,0.6421666502952575,0.6600000262260437,0.2915364586515352,0.026523549932890574,0.2916666567325592,0.3266666531562805,0.36666667461395264,70.15234375,2.9694463615859332,70.25,74.075,76.5,0.802163406740874,0.015311094121869762,0.8023048639297485,0.8230139732360839,0.8323932886123657,0.25752054469194263,0.00976465433085732,0.253598690032959,0.2720600992441177,0.2829148769378662,0.4102586524095386,0.013051135430234987,0.407890260219574,0.42960392236709594,0.43955639004707336,624.5911502838135,18.068717327112164,630.0632934570312,640.7936279296875,646.85400390625
1776646313.8602378,19.015078377723693,29440,128,58,model_975.pt,128,1.0,128,1.0,0.0,1.0,1.0,1.0,0.14123004555585794,0.05063018126639714,0.14601927995681763,0.2043410062789917,0.21899136900901794,0.0935648251324892,0.022405688673584813,0.09177030622959137,0.12470932975411415,0.15385088324546814,0.03598100774706836,0.026160139033961832,0.03221248649060726,0.07484316900372505,0.13021866977214813,0.019865204521920532,0.004007627404688417,0.020959130488336086,0.02431713920086622,0.028409725055098534,0.021435053073219024,0.002600921211096658,0.02087716292589903,0.025296242907643318,0.027045611292123795,0.022854485010611825,0.0013494178489272138,0.023016255348920822,0.024723779782652854,0.02562660351395607,0.03145282479011606,0.0010461920242449449,0.03123862969988345,0.03300995115251153,0.034021080490462485,0.13601096521597356,0.004685794923469285,0.13528559356927872,0.14122975766658782,0.1590726524591446,0.6190755222924054,0.01721091111561797,0.6200000047683716,0.6404999852180481,0.6616666913032532,0.2920833320822567,0.024633599186956734,0.2916666567325592,0.3233333230018616,0.3799999952316284,70.373046875,2.3799282941514717,70.5,72.75,79.5,0.8001015745103359,0.015426317720563777,0.8007403016090393,0.8198117136955261,0.8292196989059448,0.2571804588660598,0.009801434748998281,0.2538345754146576,0.2726164996623993,0.2803303301334381,0.41023149411194026,0.012567279170851986,0.40781714022159576,0.42828365564346316,0.4397026300430298,627.2689838409424,15.48503492631059,632.3788452148438,641.8466735839844,648.8150024414062
1776646333.8777344,19.348703320821127,29952,128,59,model_975.pt,128,1.0,128,1.0,0.0,1.0,1.0,1.0,0.14398369498667307,0.05561450663126028,0.1506396383047104,0.20964575856924056,0.21641163527965546,0.09627848499803804,0.02556814634813686,0.08809475973248482,0.13257970064878463,0.16198863089084625,0.036682400672816584,0.026051705494965903,0.030776030384004116,0.07530723884701729,0.12030868977308273,0.01930393313523382,0.004486182814970786,0.02055045124143362,0.02426371332257986,0.02818322740495205,0.021242946095298976,0.0027470418271215284,0.020366312004625797,0.025193211063742636,0.027274880558252335,0.023037832172121853,0.0015198068608768636,0.023205800913274288,0.024887338653206824,0.025520488619804382,0.03147827150826131,0.0009894162648445212,0.031190410701813134,0.03287848064623866,0.03428517813166141,0.13573616021312773,0.004119455118478743,0.13524342328310013,0.14140896797180175,0.14762096107006073,0.6181380203925073,0.0195784751158174,0.6200000047683716,0.6454999804496765,0.6600000262260437,0.30019531142897904,0.02643094185456954,0.3008333444595337,0.33716667294502256,0.3733333349227905,70.685546875,2.6705947396465333,70.75,74.075,77.0,0.8017172925174236,0.015969915023838578,0.8014748990535736,0.8221059143543243,0.8302213549613953,0.2565510324202478,0.00971253490394904,0.25302617251873016,0.2725519388914108,0.2804703712463379,0.4097840671893209,0.014671791309005689,0.408206969499588,0.4293489187955856,0.439378023147583,623.6455335617065,20.017938935607887,631.6928405761719,643.2069519042968,652.1045532226562
1776646353.8917868,19.682270860672,30208,128,60,model_975.pt,128,1.0,128,1.0,0.0,1.0,1.0,1.0,0.14025761463562958,0.0536419151635227,0.14936133474111557,0.205286668241024,0.21516457200050354,0.09480574395274743,0.023921717559067395,0.09001367911696434,0.13055680245161055,0.16200406849384308,0.03741575793810625,0.026707429260077072,0.03210737556219101,0.07522627562284469,0.12527748942375183,0.019210419472074136,0.003967107834075916,0.01990169007331133,0.023808416351675986,0.025804655626416206,0.021426385588711128,0.00268850427511802,0.02064067218452692,0.02543585579842329,0.026785632595419884,0.023105641768779606,0.0013279457458155704,0.023232219740748405,0.024748539552092552,0.026180773973464966,0.03163525003306363,0.001078485711544519,0.03128514645594539,0.0331784354671142,0.034074497136317654,0.1356978106778115,0.004447497498676597,0.13522954285144806,0.14114269614219666,0.15564841032028198,0.6187239601276815,0.019328441662892534,0.6183333396911621,0.6421666502952575,0.6733333468437195,0.29850260238163173,0.0237004602805092,0.2966666519641876,0.3283333480358124,0.3566666543483734,70.96875,2.310810193417019,70.75,73.825,77.0,0.8011185745708644,0.014893855393384371,0.8008378148078918,0.821708333492279,0.8334565758705139,0.2561673989985138,0.009898414107088868,0.25336790084838867,0.27055043280124663,0.28064215183258057,0.4071877091191709,0.014709580099455898,0.4050246626138687,0.42861254811286925,0.4389950931072235,625.243486404419,17.882734811160905,630.1192932128906,643.7693603515625,649.579345703125
