pt,ep,n,succ,T,vfwd,vrmse,yaw,yr,tilt,bnc,scf,ret
0,63,64,0.984375,15.0,0.1121144782518968,0.2000887128524482,0.0457283538125921,0.027207651088247,0.021522925044423,0.1227524153655394,134.765625,162.17987060546875
1,95,96,0.9895833333333334,15.0,0.1140812360681593,0.1937708716529111,0.041471729450374,0.0261380810601015,0.0205946507274971,0.122811570065096,134.6875,171.61116234461466
2,127,128,0.984375,15.0,0.1150672559742815,0.1889344804221764,0.0405123008367809,0.0255773202807176,0.0199539968343403,0.1226953235454857,134.775390625,176.41561591625214
3,159,128,0.9921875,15.0,0.1177210651803761,0.1793029299005866,0.0340527399625898,0.0238398513174615,0.0182962916963511,0.1220767838531173,135.1015625,190.52156120538712
4,191,128,0.9921875,15.0,0.1208167118020355,0.1730387981515377,0.0324997791963141,0.0227837617858313,0.0171356402912917,0.122033346502576,135.39453125,199.15290808677676
5,223,128,0.9921875,15.0,0.1250473702093586,0.166406114178244,0.0300796891849586,0.0219814051815774,0.0166203368382846,0.1219023988232947,135.98046875,206.3941254615784
6,255,128,1.0,15.0,0.1273625524481758,0.1593297302606515,0.0276215844703529,0.0213238784053828,0.0160568448203011,0.1214863017085008,136.6328125,215.5953670740128
7,287,128,1.0,15.0,0.1310190493240952,0.1534649281529709,0.0262975499269941,0.0210588970367098,0.0156031956880823,0.121774477767758,136.9921875,220.28834092617035
8,319,128,1.0,15.0,0.1328796914895065,0.1487747120554559,0.0248366415696636,0.0205178323813015,0.0155497797132835,0.1214069082052446,137.412109375,226.15399420261383
9,351,128,1.0,15.0,0.131652639072854,0.1459027803502977,0.0250763982744501,0.0200730360520537,0.0150690799766552,0.1209385223337449,137.5546875,230.16880798339844
10,383,128,1.0,15.0,0.132294979179278,0.1461803134297952,0.0231328261834278,0.0195488023018697,0.0144347263905502,0.1207356808590702,137.404296875,232.17117071151733
11,415,128,1.0,15.0,0.131246593024116,0.1425164595129899,0.0221094599282878,0.0190090690739452,0.014083517942408,0.1204070342355407,136.974609375,238.7139720916748
12,447,128,1.0,15.0,0.1297836609301157,0.1398021110217087,0.0231357859788658,0.0187202060042182,0.0134288298343555,0.1199861181667074,136.357421875,241.7841002941132
13,479,128,1.0,15.0,0.1310226056957617,0.1368949517491273,0.0211236728741823,0.018454121571267,0.012925778345553,0.1192443961044773,135.62109375,246.43354070186612
14,511,128,1.0,15.0,0.1333613970782607,0.1316871786839328,0.02123441806566,0.0181238859440782,0.0127575195335941,0.1187128096935339,134.970703125,252.93254566192627
15,543,128,1.0,15.0,0.1363842200371436,0.1275396967539563,0.0198396285702529,0.0177738353959284,0.0125647958684464,0.1179698670166544,134.615234375,258.30649292469025
16,575,128,1.0,15.0,0.1383508832077495,0.1243495133821852,0.0172535063677514,0.0174768735741963,0.0124510088609442,0.1173359588719904,134.5234375,263.47358191013336
17,607,128,1.0,15.0,0.1398274630773812,0.1198329563485458,0.0178329832554027,0.0173686384514439,0.0123901593760552,0.1169875778723508,134.552734375,270.00171315670013
18,639,128,1.0,15.0,0.1411525331786833,0.117667399754282,0.0180727658944306,0.0170949260646011,0.012328124943516,0.1162374661653302,134.49609375,273.19766426086426
19,671,128,1.0,15.0,0.1435008366242982,0.1161706932471133,0.018114475468792,0.0168110902741318,0.0121765147495147,0.1153527387650683,134.796875,276.0355195999145
20,703,128,1.0,15.0,0.1449598837061785,0.112803058756981,0.0198337916026503,0.0167567478638375,0.0120717860913621,0.1147521637612953,134.939453125,279.2882961034775
21,735,128,1.0,15.0,0.1464646735112182,0.1100437511340715,0.0196089404907979,0.0164922354670125,0.0117622239476473,0.1137186603154987,135.046875,282.73941707611084
22,767,128,1.0,15.0,0.1468600548687391,0.1053978066192939,0.019036290468648,0.0163192180843907,0.0116009027734488,0.113171191944275,135.310546875,288.2501531839371
23,831,128,1.0,15.0,0.1430074832169339,0.0973789059207774,0.0196407207370157,0.0163828962613479,0.0117602282822851,0.1124414353398606,135.375,297.25838601589203
24,863,128,1.0,15.0,0.1458256638725288,0.0960308992653153,0.0192652779116997,0.0159947444917634,0.0115616019594716,0.1119494521408341,135.572265625,299.99023139476776
25,895,128,1.0,15.0,0.1468507259269245,0.095189471845515,0.0201344352847172,0.0157801742752781,0.0114616634470481,0.1114631861564703,135.505859375,301.58224165439606
26,927,128,1.0,15.0,0.1509949859464541,0.0946194911375641,0.021030028792893,0.0155148370176902,0.0110924892707641,0.1104221355635672,135.4921875,303.8487743139267
27,959,128,1.0,15.0,0.1533852605498395,0.0931553413975052,0.0208310677426197,0.0148929596252855,0.0109724826097584,0.1104420035844668,135.955078125,306.68320989608765
28,991,128,1.0,15.0,0.150349537609145,0.0904856360284611,0.0242507150123856,0.0147768656097468,0.0110608963668848,0.1103140023187734,136.373046875,307.4306645393372
29,1023,128,1.0,15.0,0.1505427123047411,0.0874442110070958,0.0246060992726597,0.014421182051592,0.010785335353072,0.1100019330042414,136.9609375,311.42371344566345
30,1055,128,1.0,15.0,0.1527725415071472,0.0868998515070416,0.0235696579552495,0.0138161920185666,0.0105581935038815,0.1098222337896004,137.625,312.7373192310333
31,1087,128,1.0,15.0,0.1501686943811364,0.083915076975245,0.0255413430172666,0.013740588001383,0.0106103119016351,0.1095240535214543,137.48828125,315.6105086803436
32,1119,128,1.0,15.0,0.1522573822294362,0.0832414199248887,0.0239739372868825,0.0132922720149508,0.0103271513764884,0.1091942086932249,137.59765625,318.92094445228577
33,1151,128,1.0,15.0,0.1527576259686611,0.0829169024946168,0.0238764571031424,0.0130272397618682,0.0102550037459754,0.1090200570179149,137.673828125,319.4748303890228
34,1183,128,1.0,15.0,0.1518514025374315,0.0827314237249083,0.0232327312417055,0.0128416859915887,0.0099326112927676,0.1088197011267766,137.39453125,321.91593527793884
35,1215,128,1.0,15.0,0.1574065352906473,0.0842578303418122,0.0201008506171547,0.0123511328565655,0.0093341227267404,0.1083519736421294,137.697265625,323.8425328731537
36,1247,128,1.0,15.0,0.1548333536484278,0.0832555938395671,0.0194108650541693,0.0125207179480639,0.0095375002170088,0.1083324350183829,137.525390625,324.87272930145264
37,1279,128,1.0,15.0,0.1547525150235742,0.0823782206280157,0.0173301607671874,0.012575515138451,0.0094329864279523,0.107880659692455,137.40234375,327.71548342704773
38,1311,128,1.0,15.0,0.1592017507064156,0.0822171977488324,0.0160567153568536,0.0122899659654649,0.0091552913606343,0.107620146300178,138.08203125,328.6516573429108
39,1375,128,1.0,15.0,0.1606237503001466,0.0810405858792364,0.0145605934073955,0.0122020356320717,0.0088276635672085,0.1070812102407217,138.8828125,330.8588614463806
40,1407,128,1.0,15.0,0.1612907950184308,0.0813525114790536,0.0152213783835577,0.0123009852613904,0.0087448522743267,0.107122482790146,139.099609375,329.4837086200714
41,1439,128,1.0,15.0,0.1560832355171442,0.0789070032769814,0.0170498366298943,0.0128155516104015,0.0089097877723427,0.1070283175213262,138.4375,330.8136978149414
42,1471,128,1.0,15.0,0.1589825702249072,0.0782199300010688,0.0170275218854385,0.0124194238087511,0.0085620335267144,0.1066382364952005,138.765625,333.1055369377136
43,1503,128,1.0,15.0,0.1580490922788158,0.0777510227635502,0.0171650845782096,0.0123184218355163,0.0083874024455069,0.1065114457160234,138.615234375,333.3486633300781
44,1535,128,1.0,15.0,0.1585590852773748,0.0788574402104131,0.0159273201627456,0.0119078746902232,0.0080578844069171,0.1062254547723569,138.63671875,333.5079188346863
45,1567,128,1.0,15.0,0.1598849892616272,0.0809829219360835,0.0146147064365322,0.0114091010364063,0.0078953100753385,0.105912237195298,138.65625,332.7005295753479
46,1599,128,1.0,15.0,0.158768999914173,0.0826443581026978,0.0142008628531584,0.0114320074499119,0.0078901031369663,0.1059518308611586,138.27734375,330.0124855041504
47,1631,128,1.0,15.0,0.1597740097204223,0.0829246034845709,0.0143821377998847,0.0112146861611108,0.0078009270380545,0.1059477000380866,138.046875,330.9705593585968
48,1663,128,1.0,15.0,0.1576105706626549,0.0807524178526364,0.0145660904038322,0.0116118552214175,0.0079095520306533,0.106042468745727,137.01171875,333.94009256362915
49,1695,128,1.0,15.0,0.1563672917545773,0.0784267931012436,0.015363575583251,0.0120283688447671,0.0078440966577995,0.1060515486751683,135.919921875,337.09846115112305
50,1727,128,1.0,15.0,0.1573066709097474,0.0780614556570071,0.0169660503052,0.0121071368703269,0.0077091396092348,0.1057742546545341,135.2421875,338.0113582611084
51,1759,128,1.0,15.0,0.1585953720496036,0.0764142144180368,0.017877301252156,0.0121915508825622,0.0075967768972602,0.1051868078648112,134.931640625,340.250283241272
52,1791,128,1.0,15.0,0.1634917047922499,0.0772874396352563,0.0183721222513213,0.0116887224503443,0.0072571926950151,0.1047186091891489,135.9296875,340.48079800605774
53,1855,128,1.0,15.0,0.1651350258034654,0.0783428978757001,0.0174551509949196,0.0112644557266321,0.006811566562205,0.104335737240035,136.685546875,340.45149993896484
54,1887,128,1.0,15.0,0.1612737231771461,0.0779883195355068,0.0165463988957981,0.0114973042072961,0.0067480200750226,0.1049077936331741,135.83203125,341.21596693992615
55,1919,128,1.0,15.0,0.1579229054332245,0.0774231168325059,0.0166925335247469,0.0116462983896781,0.0066823737690766,0.1051404851023107,135.169921875,341.89821195602417
56,1951,128,1.0,15.0,0.1541391178325284,0.0751819263387005,0.0156528815130059,0.0119726983684813,0.0067550799954498,0.105049955076538,134.259765625,344.95268177986145
57,1983,128,1.0,15.0,0.1538321737025398,0.0753244589141104,0.0138419265201719,0.0121876403973146,0.0067666650797021,0.1048337037791498,134.26953125,345.61438965797424
58,2015,128,1.0,15.0,0.1534744781383779,0.0762729253037832,0.0142311825800334,0.0122866802448697,0.0067877038293668,0.1045034241396933,134.169921875,344.30855774879456
59,2047,128,1.0,15.0,0.1574546745978295,0.0775998496392276,0.0133299160186197,0.0119437472130812,0.0067298167615052,0.1041590257082134,134.4921875,344.2580802440644
60,2079,128,1.0,15.0,0.1630586311221122,0.0786265871138311,0.0141130165463891,0.0114789813706011,0.0065936361925931,0.1038790371967479,135.1171875,343.6540105342865
61,2111,128,1.0,15.0,0.1631573322229087,0.0768268442188855,0.0164133352488988,0.0114435612376837,0.0066643324742736,0.1040989953326061,134.58984375,344.5682532787323
62,2143,128,1.0,15.0,0.1617415429209359,0.0752471962186973,0.0164654206269005,0.0115804101042158,0.0066704952736681,0.1043964055133983,133.826171875,346.7581739425659
63,2175,128,1.0,15.0,0.1590396788087673,0.073425521783065,0.016723299380601,0.0118443455758097,0.0067155556877307,0.1046650183852762,132.95703125,348.5003616809845
64,2207,128,1.0,15.0,0.156527463463135,0.071938216133276,0.0163142679991779,0.0120343580238113,0.0067361143862466,0.1050405977875925,132.05078125,350.3473451137543
65,2239,128,1.0,15.0,0.1588976690545678,0.0724457191536203,0.0143037552950318,0.0117669355895486,0.0065823184376156,0.1050918375258334,132.34375,351.64126467704773
66,2271,128,1.0,15.0,0.16241779824486,0.0723442885500844,0.0140421561616221,0.0114543928357306,0.0063967522280597,0.1046826241654343,132.703125,352.7715265750885
67,2303,128,1.0,15.0,0.1642373715294525,0.072040570405079,0.0141632943327749,0.011406233326852,0.0062883710708768,0.1044492698274552,132.6953125,353.4184808731079
68,2335,128,1.0,15.0,0.164301760320086,0.0726044248731341,0.0150049815401871,0.0114669479080475,0.0061780741237801,0.1044443009304814,132.443359375,352.3713138103485
69,2367,128,1.0,15.0,0.165149196749553,0.0728771326539572,0.0159625358382982,0.0114676323391904,0.0060085382597135,0.1041169334203004,132.052734375,352.4271528720856
70,2399,128,1.0,15.0,0.168040148273576,0.0743823765660636,0.0159085640261764,0.0112081630722968,0.005862551675324,0.1039472729898989,132.603515625,351.4633183479309
71,2399,128,1.0,15.0,0.168040148273576,0.0743823765660636,0.0159085640261764,0.0112081630722968,0.005862551675324,0.1039472729898989,132.603515625,351.4633183479309
72,2431,128,1.0,15.0,0.1722113924915902,0.0753295931208413,0.0165744291198279,0.0108286722424963,0.0057193619150199,0.1039486629306338,133.25,349.9898624420166
73,2463,128,1.0,15.0,0.1746907443739473,0.0763816981343552,0.0164529568264697,0.0106171703700965,0.0056188448542736,0.103987909737043,133.701171875,348.7964358329773
74,2495,128,1.0,15.0,0.1765825217007659,0.0774941100389696,0.0165948808262328,0.0104413534681953,0.0055841889396442,0.1039311477798037,134.072265625,347.00214409828186
75,2559,128,1.0,15.0,0.172701314673759,0.076372439507395,0.0143836234865375,0.0108529846074816,0.0055285560676422,0.1038956957636401,132.416015625,349.43648386001587
76,2591,128,1.0,15.0,0.1722032282850705,0.0758072177995927,0.012994926146348,0.0108602695945592,0.0054620366166821,0.1035882802680134,131.935546875,351.3947055339813
77,2623,128,1.0,15.0,0.1691695260815322,0.0741079684812575,0.0135073313249449,0.0111042122807702,0.0054537803618525,0.103668347815983,131.0546875,353.76700806617737
78,2655,128,1.0,15.0,0.1652686523739248,0.0726386117166839,0.0136138884809042,0.0114234457469137,0.0055196263687016,0.1040357919991947,130.048828125,355.35755252838135
79,2687,128,1.0,15.0,0.170212919532787,0.0727077072078827,0.013537163366891,0.0108990272783557,0.0054251212863119,0.103988037793897,131.5390625,356.33553552627563
80,2719,128,1.0,15.0,0.1704340021824464,0.0732189983827993,0.0134436164844373,0.0108066165194031,0.0055085254577187,0.1041172795812599,132.08203125,355.81980204582214
81,2719,128,1.0,15.0,0.1704340021824464,0.0732189983827993,0.0134436164844373,0.0108066165194031,0.0055085254577187,0.1041172795812599,132.08203125,355.81980204582214
82,2783,128,1.0,15.0,0.1708637655829079,0.0746210960205644,0.0120284662382346,0.0106935672156396,0.0057193351219493,0.1039749713963829,132.89453125,353.7124729156494
83,2815,128,1.0,15.0,0.1680806915974244,0.0750277806655503,0.0123115098942889,0.0109774281372665,0.0058192270930056,0.104052024486009,132.33203125,352.3221473693848
84,2847,128,1.0,15.0,0.169158740027342,0.0744464359886478,0.0120813592377544,0.0109293525747489,0.0057720531533327,0.1038352737668901,132.36328125,353.44154620170593
85,2879,128,1.0,15.0,0.1697645821841433,0.0738582097110338,0.0121342894117333,0.0110175444497144,0.005688357971258,0.1034666154300794,132.375,354.7649726867676
86,2911,128,1.0,15.0,0.1699481511022895,0.0731226041098125,0.0122316472463808,0.0109301719785435,0.0055916408892665,0.1037921454408206,132.46875,356.28192162513733
87,2975,128,1.0,15.0,0.170000150159467,0.0709540475509129,0.0114106422049644,0.0107916442138957,0.0055751796185352,0.1042325107264332,132.501953125,359.6122443675995
88,3007,128,1.0,15.0,0.1657953697722405,0.0698453763616271,0.0112645715685175,0.0109963303075346,0.005642197186326,0.1044628539821133,131.474609375,360.7326018810272
89,3039,128,1.0,15.0,0.1656674096593633,0.0699174023466184,0.012496543925863,0.0110178557661129,0.0056594968434614,0.1043942344840616,131.513671875,360.39798951148987
90,3071,128,1.0,15.0,0.1619153150822967,0.0697049128648359,0.0139736599385287,0.0112619696883484,0.0056849638392609,0.1043042762903496,130.666015625,360.1538472175598
91,3103,128,1.0,15.0,0.1629075786913745,0.0690550259314477,0.0151588688690935,0.0112185717698594,0.0056585825919782,0.1043056118651293,130.8828125,360.6500525474548
92,3167,128,1.0,15.0,0.1700451588840223,0.070150853076484,0.0135895194523527,0.0105419179199088,0.0056562357646153,0.1046575720538385,132.4140625,360.227082490921
93,3199,128,1.0,15.0,0.1760402442305348,0.0714836281258612,0.0119727078979394,0.0099424039108271,0.0057963694041121,0.1045009531080722,134.3984375,359.02814960479736
94,3231,128,1.0,15.0,0.1746952533139847,0.0705624544643797,0.010894882905859,0.0100399526272667,0.0058552212319828,0.104434817796573,134.1328125,360.30566334724426
95,3263,128,1.0,15.0,0.1715329964645207,0.0685120142879895,0.010893836760033,0.0102651314991817,0.005914581101713,0.1040879166685044,133.482421875,362.51563572883606
96,3295,128,1.0,15.0,0.1708231311640702,0.0690572255698498,0.011761781217956,0.0102919742712401,0.0059906670257371,0.1042488069506362,133.5625,361.5298614501953
97,3359,128,1.0,15.0,0.1652626114082522,0.0689977266010828,0.0130137864650805,0.0108233956925687,0.0060495835623723,0.1041847732267342,131.91015625,361.048348903656
98,3391,128,1.0,15.0,0.1662985435687005,0.0700718599546235,0.0124723421847647,0.0108379194098233,0.006139024345753,0.1041950994404032,132.1171875,359.4720573425293
99,3423,128,1.0,15.0,0.1720080900122411,0.0700151154596824,0.0118486596763887,0.0105159700542571,0.0061606486070697,0.1037491370807401,133.171875,360.48105788230896
100,3455,128,1.0,15.0,0.1753804510226473,0.0695340890670195,0.012246730894958,0.0102254011253535,0.006171091686846,0.1038196876179426,133.853515625,361.32796812057495
101,3487,128,1.0,15.0,0.1766068559372797,0.0687573942414019,0.0136445578082202,0.010121159517439,0.0061793919761795,0.1037933881161734,133.87890625,361.9415991306305
102,3519,128,1.0,15.0,0.1791025741840712,0.0674532598932273,0.016630355014513,0.0099806149009964,0.0061602020308937,0.1037106158910319,134.279296875,362.92893385887146
103,3583,128,1.0,15.0,0.1693028432782739,0.0674380606214981,0.0188524424397655,0.0104203881128341,0.0063364089903417,0.103884917567484,133.048828125,360.3843894004822
104,3615,128,1.0,15.0,0.1716678910888731,0.0686001228459645,0.0200109096290361,0.0102014629483164,0.0063798623283429,0.1041749534779228,133.93359375,358.58540964126587
105,3647,128,1.0,15.0,0.1639024224132299,0.0688713654817547,0.0207033596775545,0.0107079591944057,0.0064299381234773,0.1045764508889988,132.150390625,357.3039462566376
106,3679,128,1.0,15.0,0.1656590300262905,0.0686329257732722,0.0229648461654505,0.010741835583758,0.0064663693296475,0.105002045049332,132.44140625,356.6508421897888
107,3743,128,1.0,15.0,0.1637522675446234,0.067967480252264,0.0256790759494833,0.0110955564996402,0.0064858879124699,0.10532618756406,131.73046875,355.5522096157074
108,3775,128,1.0,15.0,0.169163130572997,0.0684858357708435,0.0265405496365929,0.0106971622699347,0.0065328934633404,0.1052699981955811,133.333984375,354.96580934524536
109,3807,128,1.0,15.0,0.1669639595784247,0.067397445323877,0.0296761500758293,0.0108037469763075,0.0064515542574001,0.1053319466882385,132.8046875,355.31865072250366
110,3839,128,1.0,15.0,0.1611641402123496,0.066628511325689,0.033682007504467,0.011174114755704,0.0063276615403355,0.1051161078503355,131.642578125,354.5628111362457
111,3871,128,1.0,15.0,0.1554060679045505,0.0636713972489815,0.0378636439008914,0.0114538974339666,0.0062091809777999,0.1053572018281556,130.525390625,357.1786859035492
112,3935,128,1.0,15.0,0.1508717507822439,0.0633034476195462,0.0356221568681576,0.0115606256185856,0.0061855330714918,0.1051025036140345,129.908203125,358.2720379829407
113,3967,128,1.0,15.0,0.1565424269647337,0.0629864255024585,0.0344705421293838,0.0111227659072028,0.0062263714588892,0.1051268573501147,131.326171875,359.3764023780823
114,3999,128,1.0,15.0,0.1609856465365737,0.0645097020897083,0.0321439517792896,0.0108318468446668,0.0063022243883095,0.1049840592313557,132.525390625,358.4441192150116
115,4031,128,1.0,15.0,0.1599593310966156,0.0647230460308492,0.0307491725989166,0.0108370110719988,0.0063023914459281,0.1047891761991195,132.6328125,358.1027948856354
116,4063,128,1.0,15.0,0.1635332743171602,0.0648161381832324,0.0302212922624676,0.010542203541263,0.0063023128820891,0.1047015961958095,133.603515625,358.8099195957184
117,4127,128,1.0,15.0,0.1619292593677528,0.0639116139500401,0.0256314045977887,0.0106890721472154,0.0064873112901733,0.1046583659481257,133.423828125,361.40767192840576
118,4159,128,1.0,15.0,0.1613466519629582,0.0633352874720003,0.0264055160500902,0.0107632439357985,0.0065826208349123,0.1046884172828868,133.111328125,361.9936399459839
119,4191,128,1.0,15.0,0.1582411272684112,0.0629867600218858,0.0254748297252263,0.010970076356898,0.0066657446328145,0.1046939437510445,132.462890625,361.73995757102966
120,4223,128,1.0,15.0,0.1612861467292532,0.0635022028291132,0.0264328712605674,0.0107954531231371,0.0067414814391865,0.104685723548755,133.0859375,360.9333698749542
121,4255,128,1.0,15.0,0.1630628941347822,0.0645495929638855,0.0270927912538354,0.0106794700222963,0.0068278876571462,0.1043196736136451,133.326171875,359.21070981025696
122,4319,128,1.0,15.0,0.1659283039043657,0.0643374276696704,0.0304940340147368,0.0106386639599804,0.0068591838506715,0.1043448966811411,133.857421875,358.55239272117615
123,4351,128,1.0,15.0,0.1673696539364755,0.0637624624359887,0.0339189942683333,0.0106777174478338,0.0068220647918956,0.1041070809005759,134.013671875,357.875679731369
124,4383,128,1.0,15.0,0.1657183832721784,0.062605188722955,0.0353852078119416,0.0108432449196698,0.0066844509470878,0.1046123304986395,133.7265625,358.5619170665741
125,4415,128,1.0,15.0,0.167728646309115,0.0627736325841397,0.0344167718835706,0.0107541078432404,0.0066476940411001,0.104726594989188,134.21484375,358.6818733215332
126,4479,128,1.0,15.0,0.1708064731792546,0.0644819052540697,0.0345333586888045,0.0104698693030513,0.0066974744586138,0.1049804440117441,135.25,356.472989320755
127,4511,128,1.0,15.0,0.1717140562250279,0.0646122037142049,0.0345956993592153,0.0104593606447451,0.0066812838446014,0.1047568190842866,135.1171875,356.37140440940857
128,4543,128,1.0,15.0,0.1670839063590392,0.064199602114968,0.0345417703174462,0.0107633350635296,0.0067518000829252,0.1047632073168642,133.904296875,356.5377998352051
129,4575,128,1.0,15.0,0.1655734396190382,0.0639054064231459,0.0307621358554115,0.0109291699191089,0.0067631861108638,0.1045720429974608,133.25,358.3076424598694
130,4607,128,1.0,15.0,0.1640867069363594,0.0641332040249835,0.028088474651895,0.0111451817501802,0.0068078144922813,0.104491279926151,132.658203125,358.432100057602
131,4671,128,1.0,15.0,0.1635853337065782,0.0635054431040771,0.0232228036973083,0.0111369258811464,0.0068279219699516,0.1041498135309666,132.837890625,361.7710316181183
132,4703,128,1.0,15.0,0.1653916070645209,0.0628351832565385,0.0246112624724901,0.0110839180779294,0.0068840511208244,0.1044822457479313,133.197265625,361.6806206703186
133,4735,128,1.0,15.0,0.1630811966315377,0.0621516231622081,0.0260920365042238,0.0111335585606866,0.0069852826895011,0.104518201900646,132.89453125,362.2652790546417
134,4767,128,1.0,15.0,0.164476537698647,0.0626923687814269,0.0254720663322132,0.0110382392667816,0.0070207616069008,0.1043208969058469,133.1953125,361.31143283844
135,4799,128,1.0,15.0,0.1646198536909651,0.0629413167480379,0.0252035157757291,0.0110111732792574,0.0071557552894374,0.1042504622018896,133.53515625,360.1722948551178
136,4863,128,1.0,15.0,0.1700100940070115,0.0625185637036338,0.0238807365547017,0.0107662873706431,0.0070702726541357,0.1036733244545757,134.833984375,362.2626557350159
137,4895,128,1.0,15.0,0.1732753161923028,0.0626423523935955,0.0253789275991493,0.0106756790846702,0.0071485663438452,0.1037878667120821,135.630859375,361.9242784976959
138,4927,128,1.0,15.0,0.1703227046236861,0.0622582565119955,0.0266103476221815,0.0109953554529056,0.007100936245521,0.1039548202534206,134.900390625,362.3950352668762
139,4959,128,1.0,15.0,0.1697707954153884,0.0620801135664805,0.0307198605692065,0.0111368955840589,0.0070285264255715,0.104125577781815,134.748046875,361.120507478714
140,4991,128,1.0,15.0,0.1676291663898155,0.061557527660625,0.0319499164343142,0.0113567581938696,0.0069238168469035,0.1041955939726904,134.287109375,361.04430961608887
141,5023,128,1.0,15.0,0.1670240578823723,0.0607934806321281,0.0342647297984513,0.0113207105896435,0.0067853940618137,0.1039820099249482,134.1171875,361.847181558609
142,5087,128,1.0,15.0,0.1646061356877908,0.0600631096458528,0.033719436976753,0.0110926652014313,0.0064576698076971,0.1040779879549518,133.369140625,362.94644474983215
143,5119,128,1.0,15.0,0.1643532296875491,0.0607299024995882,0.0323751943178649,0.0109855101327411,0.0064165476336075,0.1038008622126653,133.3125,362.8900170326233
144,5151,128,1.0,15.0,0.1639340285910293,0.0617191074707079,0.0304896801826544,0.0109586716935154,0.0064489508497345,0.1038008907344192,133.283203125,362.11909770965576
145,5183,128,1.0,15.0,0.1623858674138318,0.0626161709951702,0.0300463433886761,0.0109359993221005,0.006552749516356,0.1038554530823603,133.09375,360.6685311794281
146,5215,128,1.0,15.0,0.1623314280586782,0.0625051254464779,0.0307195005007088,0.0108101477962918,0.0065407445266438,0.1037272654939442,133.095703125,361.6801347732544
147,5279,128,1.0,15.0,0.1629228302335832,0.0619285760039929,0.0326313534360451,0.010752888952993,0.0065154023459413,0.1037037392379716,132.98828125,362.372447013855
148,5311,128,1.0,15.0,0.1702030062442645,0.0630310995620675,0.0307299653113659,0.0104028165515046,0.0065158057446407,0.1035160834435373,134.34765625,362.7551736831665
149,5343,128,1.0,15.0,0.1779482131823897,0.0646308790892362,0.0272572654039322,0.010173441383813,0.0065670055072205,0.1033613842446357,136.146484375,361.9106342792511
150,5375,128,1.0,15.0,0.176081066543702,0.0637092899123672,0.0257025795881418,0.0102352653811976,0.0064992569743007,0.1035985072958283,135.734375,363.5530374050141
151,5407,128,1.0,15.0,0.1812674201792106,0.0645731593831442,0.0237385222417287,0.0100020914105698,0.0065981148256343,0.1032901943544857,137.19140625,363.7537651062012
152,5471,128,1.0,15.0,0.1703232502914033,0.0616516679583583,0.0275007491773067,0.0104752372208167,0.006574475887387,0.1035873217624612,135.50390625,364.3097162246704
153,5503,128,1.0,15.0,0.1706930988293606,0.0618562782765366,0.0295088208695233,0.0105078547749144,0.0066251117666829,0.1034255514387041,135.873046875,363.0533218383789
154,5535,128,1.0,15.0,0.1694054700492415,0.0608932980103418,0.0297632318124669,0.0105395910759398,0.0065316933364384,0.1035299661452882,135.505859375,363.3835251331329
155,5567,128,1.0,15.0,0.1669256385648623,0.0613022444886155,0.0273250067439221,0.0107014557543152,0.0065923035836034,0.1033883177442476,134.970703125,363.6231241226196
156,5599,128,1.0,15.0,0.164555088034831,0.0606313955504447,0.0264147405507628,0.0108157385839149,0.0064482006333635,0.1034631739021278,134.40234375,365.70818853378296
157,5663,128,1.0,15.0,0.1607369492994621,0.0598391197854653,0.024790331586928,0.0109622753298026,0.0064768614704224,0.104231069853995,133.791015625,366.1161890029907
158,5695,128,1.0,15.0,0.1613968262099661,0.0584107697941362,0.0275502137321836,0.0107930983758706,0.006354241903174,0.1045307032763958,134.060546875,367.3832852840424
159,5727,128,1.0,15.0,0.1602177657769061,0.0577880866476334,0.0291826861357549,0.010769156509923,0.0063661506445016,0.1048167372937314,134.029296875,366.7322549819946
160,5759,128,1.0,15.0,0.1627236263011582,0.0571632187638897,0.0312613911683001,0.0105895057931775,0.0062428721750011,0.1045542460051365,134.45703125,368.0128705501557
161,5823,128,1.0,15.0,0.1717561965342611,0.0597347633447498,0.0285687681171111,0.0101943656845833,0.0064645559674601,0.1039821188314817,136.443359375,365.9594066143036
162,5855,128,1.0,15.0,0.1710192322207149,0.0598658428061753,0.0259664230907219,0.0101884320247336,0.0064149126293309,0.1039473360870033,136.294921875,366.7757256031037
163,5887,128,1.0,15.0,0.1692590165766887,0.0600007568718865,0.0262206912011606,0.0103024482996261,0.0064831282482575,0.1039954610168933,136.1796875,365.6322591304779
164,5919,128,1.0,15.0,0.1715211251284927,0.0596487056754995,0.0257054734429402,0.0102055070965434,0.0064859937459854,0.1036501549533568,136.572265625,366.8276505470276
165,5951,128,1.0,15.0,0.1671258546120952,0.0583098903007339,0.0265444801771082,0.0103609423531452,0.0063898963640677,0.1039253547787666,135.595703125,367.482382774353
166,6015,128,1.0,15.0,0.1734123320784419,0.0595020024920813,0.0281935640759911,0.0102897172873781,0.0066416629837703,0.1036407173960469,136.6640625,365.458948135376
167,6047,128,1.0,15.0,0.1690989734488539,0.0590006720740348,0.0279207416715507,0.0104842008659034,0.0065981265346344,0.1040687335771508,135.818359375,365.8038873672485
168,6079,128,1.0,15.0,0.1710373212990816,0.0591715620830655,0.0261088762163126,0.0104599662554392,0.0066841578053258,0.1040960797108709,136.279296875,366.56305837631226
169,6111,128,1.0,15.0,0.1652337389532476,0.0583140713861212,0.0235485826669901,0.0107315848763391,0.0066773104689693,0.1041722320369444,135.0078125,368.54650688171387
170,6143,128,1.0,15.0,0.161663596983999,0.0573581689677666,0.0205911681232464,0.0107912790335831,0.0066131452096738,0.1041939535643905,134.25390625,371.58484387397766
171,6175,128,1.0,15.0,0.1627043097105343,0.0579074522538576,0.0191013332396323,0.010734219886217,0.0066863003103997,0.1038594105048105,134.376953125,371.3929560184479
172,6239,128,1.0,15.0,0.166270179033745,0.0584695228026248,0.0238297737241737,0.0105839394163922,0.0064774879210608,0.1038025170564651,134.875,369.1664805412293
173,6271,128,1.0,15.0,0.167760765820276,0.0591081303427927,0.0266448436507289,0.0104631429712753,0.0064024167784826,0.1037344860378652,135.154296875,367.12049889564514
174,6303,128,1.0,15.0,0.1689084780227858,0.0586968436546158,0.0289924424980654,0.0104175745254906,0.0063021785853026,0.1037130178883671,135.294921875,367.4149489402771
175,6335,128,1.0,15.0,0.1726313789549749,0.058652846928453,0.0295080263242653,0.0103367059236916,0.0063386923453794,0.1034618844278156,135.916015625,367.5684328079224
176,6367,128,1.0,15.0,0.172695315501187,0.0579674859181977,0.0296459898820558,0.0102860759216127,0.0063142219267829,0.1040425535757094,135.791015625,368.334602355957
177,6431,128,1.0,15.0,0.1747954812599346,0.0587944990547839,0.02814837381311,0.0101701538806082,0.0064653951288033,0.1044374945922754,136.369140625,367.03376817703247
178,6463,128,1.0,15.0,0.1752510368241928,0.0595194644702132,0.0260530242417189,0.0100298969555296,0.0064505472706997,0.1045460393070243,136.42578125,366.6308624744415
179,6495,128,1.0,15.0,0.1709899410197977,0.059870848461287,0.0235352828954091,0.0101612572325393,0.0064625160059557,0.1044366371934302,135.6953125,366.75064301490784
180,6527,128,1.0,15.0,0.1705939070379827,0.0599955793877597,0.0215192277028108,0.0101153779069136,0.0063892311529036,0.104235254926607,135.53125,367.9252836704254
181,6559,128,1.0,15.0,0.1657814170466736,0.0589063881197944,0.0192232248318759,0.0102342189165938,0.0062124109946794,0.1041008674073964,134.755859375,370.882497549057
182,6591,128,1.0,15.0,0.1662065237178467,0.0581087335303891,0.0186082134769094,0.0103007904945116,0.0061507661795481,0.104083483282011,134.7890625,372.27518582344055
183,6655,128,1.0,15.0,0.1710999606293626,0.0579573381983209,0.0183917864706018,0.0102304929205274,0.0060406802303875,0.103945086011663,135.935546875,373.0363235473633
184,6687,128,1.0,15.0,0.1710987173719331,0.0581349611456971,0.0186067146169079,0.0103635284285701,0.0060239624678864,0.1040966535801999,135.552734375,372.5578899383545
185,6719,128,1.0,15.0,0.1657484186289366,0.0579162947542499,0.0176291826264787,0.0105592525833344,0.0059854774672563,0.1039730523480102,134.6171875,373.5373165607453
186,6751,128,1.0,15.0,0.1627148381085135,0.0571997402003034,0.0176564985904406,0.0105361228306719,0.0058886507854808,0.1036369391949847,133.931640625,374.2898645401001
187,6783,128,1.0,15.0,0.1572367510525509,0.0570039311423897,0.0163310479001665,0.0108787368735647,0.0058129981101804,0.1037970245815813,132.564453125,375.0155386924744
188,6847,128,1.0,15.0,0.1564866413536947,0.0559403946972452,0.0171536582347471,0.0110011537508398,0.0058241835379271,0.1034989663166925,132.4375,375.7514283657074
189,6879,128,1.0,15.0,0.1589098234544508,0.0569117830309551,0.0180783203513783,0.0110416898933181,0.0059221144719648,0.1034669413929805,133.009765625,374.4855189323425
190,6911,128,1.0,15.0,0.1570626861648634,0.0563388517766725,0.0189282078456471,0.0110726250386505,0.0058986267761978,0.1032873764052055,132.6875,375.2386546134949
191,6943,128,1.0,15.0,0.1643435822625178,0.057445598184131,0.0206648602545556,0.0107995648031646,0.0059457104771295,0.1031099592801183,133.91015625,373.5575349330902
192,6975,128,1.0,15.0,0.1589064818690531,0.0572233433777,0.0196298971784472,0.0109629911130468,0.005919530619397,0.1031332109705545,132.6328125,374.2266843318939
193,7039,128,1.0,15.0,0.1637327188800554,0.0565622318536043,0.0207438199599891,0.010835006392881,0.0059131865515641,0.1035041664144955,132.9375,374.4998459815979
194,7071,128,1.0,15.0,0.1613825412350706,0.0566848943126387,0.0189074721561155,0.010951710428344,0.0059449504983778,0.1036903572385199,132.41796875,375.4205207824707
195,7103,128,1.0,15.0,0.1646757168346084,0.0566145030607003,0.0192274900275606,0.0107833898364333,0.0058760469261328,0.103766371437814,132.900390625,375.81344628334045
196,7135,128,1.0,15.0,0.165434438502416,0.0565877736371476,0.0180476551161063,0.0106684306665556,0.0058478403136807,0.1037689889781177,133.056640625,376.97653555870056
197,7167,128,1.0,15.0,0.1647183371533174,0.0569121704902499,0.0168359806068565,0.0107090974925085,0.0057900677404133,0.1036305462475866,132.98046875,377.1264657974243
198,7199,128,1.0,15.0,0.1656588949263095,0.0562806328816805,0.0162570468405647,0.0105616131841088,0.0056591642969319,0.1034747051307931,133.130859375,377.9804420471192
199,7263,128,1.0,15.0,0.1697205489617772,0.0567505884682759,0.0129231760104175,0.0103917671003728,0.0057646909556087,0.1036817032727412,133.908203125,377.79384422302246
200,7295,128,1.0,15.0,0.1710373314272146,0.0561632862081751,0.0121376332583622,0.0101577149835065,0.0057257812910537,0.1035980493179522,133.87890625,379.2594075202942
201,7327,128,1.0,15.0,0.1684080706036184,0.0561138924094848,0.0126811145667034,0.0102035863346827,0.0057477961153617,0.1038291590521112,133.400390625,379.09443712234497
202,7359,128,1.0,15.0,0.1690079984255135,0.056197867175797,0.0128557866557912,0.0101659082247351,0.005739288930106,0.1038024721783585,133.638671875,379.2625396251679
203,7391,128,1.0,15.0,0.1658267506281845,0.0560316305200103,0.0134757233965956,0.0102755705484014,0.0057001531083786,0.1035911089857108,133.041015625,379.3526036739349
204,7455,128,1.0,15.0,0.1679602373915258,0.0564983458898495,0.0135927707333394,0.0102494363090954,0.0056664939287955,0.1030518036568537,133.708984375,378.68090748786926
205,7487,128,1.0,15.0,0.1664106155512854,0.0565052673628088,0.0140182027519131,0.0102443958712683,0.0056030204075525,0.1030155353946611,133.517578125,378.3997843265533
206,7519,128,1.0,15.0,0.1679347334138583,0.0560471505159512,0.0138147440277407,0.0100984260607219,0.0055836945186835,0.1031109151663258,133.826171875,378.7350161075592
207,7551,128,1.0,15.0,0.1687413129257038,0.0557880856213159,0.0136884555620326,0.010032899055659,0.0055395042355811,0.1034409158746711,133.896484375,379.4310495853424
208,7583,128,1.0,15.0,0.1666672485880553,0.0559823394287377,0.0133325441811393,0.0100791658005618,0.0055554278114567,0.1038132809917442,133.5859375,379.7301754951477
209,7647,128,1.0,15.0,0.1721165764611214,0.0570484531053807,0.0125616588427419,0.0100132862862665,0.0057036166314647,0.1036520320340059,134.330078125,379.74274039268494
210,7679,128,1.0,15.0,0.1789155401638709,0.0583186012809164,0.0130001592990538,0.0098816661775344,0.0058591621186727,0.1029258128837682,135.322265625,378.94617319107056
211,7711,128,1.0,15.0,0.177049985533813,0.058065002085641,0.0136623782800597,0.0099080467734893,0.0058477049513106,0.1026229415438138,134.79296875,378.94895195961
212,7743,128,1.0,15.0,0.1776473041099961,0.057641399645945,0.0152524024488229,0.0097334852871426,0.0057853160061571,0.1025083240820095,134.9375,380.1108765602112
213,7775,128,1.0,15.0,0.1766493473260197,0.0572176986024715,0.0153612182548386,0.0096679045236669,0.0057804826925447,0.1022877050563693,134.728515625,380.6086390018463
214,7807,128,1.0,15.0,0.1687110415077768,0.0560517320118378,0.0156208862463245,0.0098523374545038,0.0057040541331478,0.1027196833165362,133.5859375,381.2128872871399
215,7871,128,1.0,15.0,0.1732526717241853,0.0564377360569778,0.0127757415398264,0.0097405272499599,0.0057739647019726,0.1026444967719726,134.41796875,382.3530344963074
216,7903,128,1.0,15.0,0.1743651406723074,0.0566503343870863,0.011791089063081,0.0097838663859874,0.0056846247760935,0.1026423618313856,134.353515625,383.16035509109497
217,7935,128,1.0,15.0,0.1791344724188093,0.0571908068086486,0.0105379584074398,0.0096705952637421,0.0056636514998533,0.1024158482905477,134.869140625,383.33116340637207
218,7967,128,1.0,15.0,0.174793220416177,0.0565112812910229,0.011158922590539,0.0098853621930175,0.0056026033564826,0.1027464942890219,133.6796875,383.6254942417145
219,7999,128,1.0,15.0,0.1728370721975807,0.0563716905598994,0.0112102352320562,0.0100220807762525,0.0056267679891848,0.1027937512844801,133.1875,383.6596386432648
220,8063,128,1.0,15.0,0.1675701393687632,0.0558192727912683,0.0154438594365728,0.0101002331830386,0.0056383810573261,0.1033928841352462,131.71875,383.29765582084656
221,8095,128,1.0,15.0,0.170493786688894,0.0569007596641313,0.0164044925732014,0.0100239597377367,0.0056438808353823,0.1032582769403234,131.759765625,382.2527995109558
222,8127,128,1.0,15.0,0.1706552613177336,0.0577497907797805,0.0184942405967376,0.0100039278513577,0.0056016127298503,0.1032142228796146,131.44140625,381.0743460655213
223,8159,128,1.0,15.0,0.1718891215277835,0.0580339265870861,0.0188664695897387,0.0099437566968845,0.0055645503874506,0.1029671308933757,131.626953125,380.5714404582977
224,8191,128,1.0,15.0,0.1704709454206749,0.0584522714489139,0.0184421814255983,0.0100321992686076,0.0055547160674663,0.1027462697820738,131.353515625,380.13605546951294
225,8223,128,1.0,15.0,0.1709453072980977,0.0582265208067838,0.0173723293603416,0.0099956558042322,0.0054917076506326,0.1028660587035119,131.697265625,380.4569773674011
226,8255,128,1.0,15.0,0.1695001638145186,0.0576959339960012,0.0150088875673191,0.0099663097935263,0.0054283845265633,0.1028764161746949,131.701171875,381.768031835556
227,8287,128,1.0,15.0,0.1747817260911688,0.0579963746713474,0.0131923800111053,0.0098274160955043,0.0054538105202853,0.1028093242784962,132.490234375,381.850905418396
228,8319,128,1.0,15.0,0.1727003163832705,0.0580574059567879,0.0124947789247471,0.0098653804889181,0.0053850626315434,0.1030915708979591,132.13671875,382.0965027809143
229,8351,128,1.0,15.0,0.1737357302044984,0.0579915585112758,0.0124764906518066,0.0098270151647739,0.0054787114123302,0.1029896409017965,132.16015625,382.21642422676086
230,8383,128,1.0,15.0,0.1726094747427851,0.0578921699197962,0.0127003815878197,0.0098370069063093,0.0055546997642826,0.1031664569163695,131.74609375,381.7027456760407
231,8415,128,1.0,15.0,0.1642505135969258,0.0574807935336139,0.0138168771682103,0.0100770505378022,0.0055530395373337,0.103203531645704,130.279296875,381.6207675933838
232,8415,128,1.0,15.0,0.1642505135969258,0.0574807935336139,0.0138168771682103,0.0100770505378022,0.0055530395373337,0.103203531645704,130.279296875,381.6207675933838
233,8447,128,1.0,15.0,0.1673877722059842,0.0570249161100946,0.0135223383776974,0.0099789834785042,0.0056143840751751,0.1028862606035545,130.884765625,381.3961362838745
234,8479,128,1.0,15.0,0.1613338344322983,0.0560722390655428,0.0134919154720591,0.0101170653142617,0.0055081505914728,0.1030149348080158,129.923828125,381.9178340435028
235,8543,128,1.0,15.0,0.1687702571216505,0.0558293700742069,0.0134804927383811,0.0097802078962558,0.0055283397344274,0.1032194719882682,131.68359375,382.8865625858307
236,8575,128,1.0,15.0,0.1661674102942925,0.0557292629673611,0.0128971261519836,0.0098007774431607,0.0055373045130914,0.1032411126652732,131.56640625,384.0609760284424
237,8607,128,1.0,15.0,0.168085941200843,0.056007537554251,0.0126178547579911,0.0097258303503622,0.0056119390183369,0.1034874832839705,132.330078125,383.6136801242829
238,8639,128,1.0,15.0,0.164781925297575,0.0560468383773695,0.0129041691436668,0.0098502307009766,0.005666313557474,0.1035147278453223,132.19140625,382.2866744995117
239,8671,128,1.0,15.0,0.1672732636798173,0.0560493316443171,0.0131224612507594,0.0098423811941756,0.0057450804609577,0.1032745413831435,132.818359375,381.0808389186859
240,8735,128,1.0,15.0,0.1746424237499013,0.0566905364685226,0.0155365469847765,0.0094672289596928,0.0057826164267236,0.1025704009225592,134.85546875,379.39171743392944
241,8767,128,1.0,15.0,0.1761968329083174,0.056492394011002,0.0145214965559716,0.0093497953712358,0.0057239417870487,0.1024777777493,135.283203125,381.1866433620453
242,8799,128,1.0,15.0,0.1771814918902237,0.0565078972431365,0.0135273360692735,0.0092450370102596,0.0056893455107746,0.1023632770520635,135.630859375,382.4686975479126
243,8831,128,1.0,15.0,0.1789861530414782,0.0564037058211397,0.0120644412891124,0.009199973061186,0.0057259669882295,0.1021795124397613,135.896484375,383.4146454334259
244,8863,128,1.0,15.0,0.17618117397069,0.0556311067193746,0.0098619612672337,0.0092107819109514,0.0055159142713385,0.102393411565572,135.458984375,385.959780216217
245,8895,128,1.0,15.0,0.1724919908447191,0.055850282398751,0.0104617454680919,0.0092799292069685,0.0055579696876441,0.1025084615102969,135.02734375,385.3500492572784
246,8927,128,1.0,15.0,0.1740233529999386,0.0562842136423569,0.0101317304927306,0.0092753748795075,0.0054666783305887,0.102278319071047,135.009765625,385.5419816970825
247,8959,128,1.0,15.0,0.1642577387683559,0.0558058346796315,0.0123011621601563,0.0096166241746686,0.0054202478505825,0.1023913380922749,133.255859375,385.2179219722748
248,8991,128,1.0,15.0,0.1643377527943812,0.0558937233581673,0.0131895593190165,0.0096871426685538,0.0053938281575719,0.1023963547195307,132.7578125,385.235312461853
249,9055,128,1.0,15.0,0.1668796694139018,0.0554648343240842,0.0168378186176596,0.0096836010307015,0.0052514939705639,0.102631761925295,132.466796875,384.5857203006744
250,9087,128,1.0,15.0,0.1781634123180993,0.0564983124495483,0.0174873358505465,0.009432961091079,0.0053215336856852,0.1024331746157258,133.90625,383.7672872543335
251,9119,128,1.0,15.0,0.1739390208094846,0.0561284178984351,0.0187950048523362,0.0094591834276798,0.0053461419868735,0.1022600808064453,133.310546875,383.25594329833984
252,9151,128,1.0,15.0,0.1678000467072706,0.0555721263226587,0.0198097024451726,0.0096783464905456,0.0053812489024513,0.1022587147308513,132.044921875,383.2732286453247
253,9183,128,1.0,15.0,0.162635296524968,0.0555051130650099,0.0192353128886679,0.0097967054643959,0.0053882317132415,0.1022269990644417,131.046875,383.97805404663086
254,9215,128,1.0,15.0,0.1583663423953112,0.0550382985384203,0.0187454841379803,0.0099115648627048,0.0053308788388913,0.1023629639530554,130.171875,384.7939836978912
255,9247,128,1.0,15.0,0.1566587943234481,0.0554765838605817,0.0183527008387045,0.0100496164268406,0.0053767801262146,0.1026568603701889,129.66796875,384.6715371608734
256,9279,128,1.0,15.0,0.1631650044873822,0.0562337666633538,0.0171806721366465,0.0099231423919263,0.0053415139020335,0.1021638999227434,130.58984375,385.22733640670776
257,9311,128,1.0,15.0,0.167566682852339,0.0564987082034349,0.0173913508904206,0.0099112605348636,0.0054366763635927,0.1022804403910413,131.021484375,384.4917414188385
258,9343,128,1.0,15.0,0.1714123916754033,0.0568660001154057,0.0173714671018387,0.0099267422665434,0.0054817114950274,0.102352014509961,131.396484375,383.903915643692
259,9407,128,1.0,15.0,0.1758900228305719,0.0566754294559359,0.0172688220854979,0.0097626654751366,0.0054541734432885,0.1023606786620803,131.8671875,384.0453534126282
260,9439,128,1.0,15.0,0.1803153359214775,0.0570224840193986,0.0149723009058106,0.0095789579281699,0.0054851941888748,0.1022653490072116,132.685546875,384.9130129814148
261,9471,128,1.0,15.0,0.1822045313310809,0.0574491120059974,0.0135824507854067,0.0095078588528849,0.0055230724168712,0.102043142542243,133.0703125,384.8677773475647
262,9503,128,1.0,15.0,0.1793596930801868,0.0570977532770484,0.0118409061772126,0.0094507883695769,0.0054737350994429,0.1021193872438743,132.853515625,385.9368724822998
263,9535,128,1.0,15.0,0.1749554258130956,0.057049345516134,0.0105818475735759,0.0095500155221088,0.0054045661760205,0.1024399991729296,132.1328125,386.4407103061676
264,9567,128,1.0,15.0,0.1709923800081014,0.0564444534829817,0.0099813431993425,0.0095895480881154,0.0052787958757479,0.1023622367647476,131.810546875,387.2938108444214
265,9599,128,1.0,15.0,0.1636592468130402,0.0557946230110246,0.0099917646982703,0.00968373381329,0.005187439093143,0.1023314414778724,130.796875,388.2813532352448
266,9631,128,1.0,15.0,0.1643759078579023,0.0561561376962345,0.0103547289452308,0.0097786581900436,0.0052040732465455,0.1023944152984768,130.70703125,388.3098020553589
267,9663,128,1.0,15.0,0.1716534801234956,0.0565310036763548,0.0098505148428102,0.0095653056887385,0.00522439973022,0.1018680189736187,132.14453125,388.08910512924194
268,9695,128,1.0,15.0,0.1695107758569065,0.0565880384529009,0.011010792230536,0.0095560548215871,0.0052051285890327,0.1019892715266905,131.77734375,387.2268445491791
269,9727,128,1.0,15.0,0.1728755590156652,0.0566635195282287,0.0107498815800681,0.0094129764256649,0.0052212977398542,0.1018718166160397,132.720703125,387.0304412841797
270,9759,128,1.0,15.0,0.174744104326237,0.0564827755733858,0.0100692288965547,0.0092620295072265,0.0052498209737936,0.1016939663677476,133.587890625,386.7856912612915
271,9823,128,1.0,15.0,0.1740209740528371,0.0562828442780301,0.0096125396082697,0.0091964976745657,0.0053551738968935,0.1017047413624823,133.7578125,387.6191596984863
272,9855,128,1.0,15.0,0.1719884794147219,0.0565340630128048,0.0096491772037552,0.0092693161204806,0.0054101132553252,0.1020121371257118,133.15625,387.16952180862427
273,9887,128,1.0,15.0,0.1722320275439415,0.0568309641093947,0.0099987136945856,0.0093153698144305,0.0053726931635856,0.1021323265158571,132.955078125,387.1816892623901
274,9919,128,1.0,15.0,0.1763992526393849,0.0569046547461766,0.0103620724453321,0.0093270827164815,0.0053642498813711,0.1021163951372727,133.359375,387.1344380378723
275,9951,128,1.0,15.0,0.1690954263613093,0.0564744869770947,0.0107194488571167,0.0096296676056226,0.0053155735795127,0.1024456592858769,132.130859375,387.1229603290558
276,9983,128,1.0,15.0,0.170600576151628,0.0562556708464399,0.0104636150140322,0.009562846913468,0.0052542799141864,0.102399306895677,132.63671875,388.2019290924072
277,10015,128,1.0,15.0,0.1651947290520183,0.0557517386041581,0.0101610390775022,0.0096700309622974,0.0052549872544139,0.1020829587359912,132.05078125,388.5142817497253
278,10047,128,1.0,15.0,0.162893179396633,0.0559164123842492,0.0107853431027251,0.0096920367504935,0.0052193265596787,0.1019087257445789,131.966796875,388.1520938873291
279,10079,128,1.0,15.0,0.1605634127918165,0.0559267776261549,0.0107909549226405,0.0097036332663265,0.0051829235131489,0.1018153764889575,131.7734375,388.18331599235535
280,10111,128,1.0,15.0,0.1561162276775576,0.0557294829632155,0.011196307617638,0.0098003791063092,0.0051269727106989,0.1017271702876314,131.083984375,388.2711093425751
281,10143,128,1.0,15.0,0.1561085300636477,0.0556486366549506,0.0115338804848761,0.0097327358853362,0.0051046919379929,0.1019676997093483,131.244140625,388.2005143165589
282,10207,128,1.0,15.0,0.1534118509443942,0.0549911512061953,0.0109870734286232,0.0095206993973988,0.0050735282698528,0.1018427097005769,131.326171875,389.9662110805512
283,10239,128,1.0,15.0,0.1562703735253308,0.055455806228565,0.0112515401399377,0.0095142768950609,0.0051383394108792,0.1017794140498153,131.845703125,389.1558711528778
284,10271,128,1.0,15.0,0.1595622893364634,0.056018538569333,0.0108013585127082,0.009541149756842,0.0051720901345463,0.1017972559784539,132.166015625,389.1341667175293
285,10303,128,1.0,15.0,0.1673035616113338,0.057023259694688,0.0106386462662158,0.0094158843676268,0.0052678215089001,0.102047637454234,133.068359375,388.38309597969055
286,10335,128,1.0,15.0,0.1749805322615429,0.0578237093577627,0.0108135319833309,0.009337221730675,0.0053373053656796,0.1019836417399346,134.060546875,387.27988624572754
287,10367,128,1.0,15.0,0.1735883920046035,0.0574418779287952,0.0104034465075528,0.0093046516667527,0.0052660741682882,0.1020348752499558,133.8671875,388.0889353752136
288,10399,128,1.0,15.0,0.1740736485808156,0.0574240463320165,0.0102214676123821,0.0092570257183979,0.0052401899463131,0.102008270972874,133.875,388.2659981250763
289,10431,128,1.0,15.0,0.1691295997006818,0.0563599554589018,0.0097172358453008,0.0093079273174225,0.0050969140450219,0.1016568390768952,133.427734375,389.39992117881775
290,10463,128,1.0,15.0,0.1663200130860787,0.0559219983115326,0.0083059192425025,0.0092288813684717,0.005011319171168,0.1015111221349798,133.205078125,390.6485481262207
291,10495,128,1.0,15.0,0.1665433511952869,0.0560024826554581,0.008265362127986,0.0091141295852139,0.0050038100570745,0.1017406363389454,133.533203125,390.3450961112976
292,10527,128,1.0,15.0,0.1643523994425777,0.0559610541677102,0.0084125938012675,0.0090463956294115,0.0049522903085424,0.10178948455723,133.482421875,390.3553833961487
293,10591,128,1.0,15.0,0.1616587298631202,0.0567855914996471,0.0090444056322667,0.0090552087058313,0.0048930203732257,0.1021689396002329,133.38671875,389.6421799659729
294,10623,128,1.0,15.0,0.1623617063742131,0.0569963901943992,0.0090306810661786,0.0090324938646517,0.0048641951517203,0.1018707885523326,133.5234375,389.7181270122528
295,10655,128,1.0,15.0,0.1638092205103021,0.0570289651805069,0.0090262082187564,0.0089368176668358,0.0048686189794687,0.1017639360507018,133.849609375,389.90546226501465
296,10687,128,1.0,15.0,0.1555720749893225,0.0565050584846176,0.0092233058771853,0.0091069297159265,0.0048884537238915,0.1017031948431395,132.61328125,389.9952137470245
297,10719,128,1.0,15.0,0.1598511367337778,0.0574180346739012,0.0089066929879209,0.0089872878270398,0.0049108939846872,0.1015075516770593,133.435546875,389.3997459411621
298,10751,128,1.0,15.0,0.1603203282575123,0.0572187369689345,0.0088646334086206,0.0089797809851006,0.0048985885659393,0.1017071597161702,133.64453125,389.629421710968
299,10783,128,1.0,15.0,0.1616667105408851,0.0573967873642686,0.0089628403825372,0.0090063083298446,0.0048911827788617,0.1016444770502857,133.703125,389.2907264232636
300,10815,128,1.0,15.0,0.1689318678108975,0.0578714389994274,0.0091165520827871,0.0089261685716337,0.0048954172925879,0.1015061701764352,134.623046875,388.8356821537018
301,10847,128,1.0,15.0,0.1583748151024337,0.0564624405815266,0.0097375498419296,0.0092259021948848,0.0048827445466637,0.1016746528912335,132.90625,389.4610819816589
302,10879,128,1.0,15.0,0.1586079705157317,0.0564907725492958,0.0093710104433739,0.0092713525264116,0.0049109310873368,0.1016211445094086,133.060546875,389.276239156723
303,10911,128,1.0,15.0,0.1558456838538404,0.0566393508051987,0.0099530042230071,0.0093543303519254,0.0049904294233468,0.101875577296596,133.1484375,388.418696641922
304,10943,128,1.0,15.0,0.1500966660969425,0.056058868067339,0.0099831282998366,0.0094474869620171,0.0050225712017183,0.1020850855857133,132.572265625,388.6968820095062
305,11007,128,1.0,15.0,0.1587706462596543,0.0569477986718993,0.0104453358371756,0.0092786789828096,0.0051313015813876,0.1018927976838313,133.302734375,387.6134901046753
306,11039,128,1.0,15.0,0.161947773915017,0.0568671734363306,0.0095895620552255,0.0091817716165678,0.0050897904998367,0.1015816843137145,133.443359375,388.5666129589081
307,11071,128,1.0,15.0,0.1644099497061688,0.0572239982429891,0.0099889488367352,0.0091855961109104,0.0050883886574357,0.1016350819263607,133.333984375,388.2108247280121
308,11103,128,1.0,15.0,0.1662335163855459,0.0575110479258,0.0102959934702084,0.0091625151217158,0.0050573109833277,0.101520849741064,133.40625,387.8175354003906
309,11135,128,1.0,15.0,0.1631033285812009,0.0568926419946365,0.0106753708832911,0.0091648792877094,0.0050282088809663,0.1016446522553451,132.884765625,388.4401981830597
310,11167,128,1.0,15.0,0.1631481102958787,0.0569761166116222,0.0111040436840994,0.0091814990628336,0.0050475550291151,0.1016215157578699,132.544921875,388.2379531860352
311,11199,128,1.0,15.0,0.1673738133977167,0.0570931514084804,0.0103134666182995,0.0091007088412879,0.0050500613642816,0.101453514653258,133.166015625,388.54414916038513
312,11231,128,1.0,15.0,0.1627768762991763,0.0567584612290374,0.0108728070597408,0.0091701948695117,0.0050801204065077,0.1015184893039986,132.369140625,388.6678421497345
313,11263,128,1.0,15.0,0.1689624683349393,0.0581582500308286,0.0100623745699977,0.0090929444049834,0.005099043807312,0.1013601437443867,133.08203125,388.1051506996155
314,11295,128,1.0,15.0,0.167696045449702,0.057862502610078,0.0105259518438742,0.0091850244971283,0.0050880026485962,0.1012976256897673,132.9921875,387.82162833213806
315,11327,128,1.0,15.0,0.1641347364347893,0.0575932874344289,0.0110432627348018,0.0092377704349928,0.0050999754875437,0.101172218855936,132.48828125,388.4272382259369
316,11359,128,1.0,15.0,0.1586446891305968,0.056938569585327,0.0112238855119812,0.0094538120174547,0.0051104691173697,0.1015160484239459,131.595703125,388.39331436157227
317,11423,128,1.0,15.0,0.1519906772591639,0.056225418113172,0.011117990247385,0.0095750848522584,0.0050977997319122,0.1014849042403511,130.58984375,389.3707959651947
318,11455,128,1.0,15.0,0.158616754313698,0.0569028057216201,0.0111374482125938,0.0094582747078675,0.0051342755788027,0.1015225379960611,131.658203125,388.4644911289215
319,11487,128,1.0,15.0,0.1700429563934449,0.0580926870170515,0.0101328755686154,0.0091348338646639,0.0051186049174335,0.1011729672318324,133.7109375,388.3728082180023
320,11519,128,1.0,15.0,0.166186488000676,0.0577177331433631,0.0096724050740704,0.0090565415048331,0.0051264178772363,0.1015209418255835,133.1875,388.8487985134125
321,11551,128,1.0,15.0,0.166690626356285,0.0575210913375485,0.0096543982915591,0.0090834566981357,0.0051583038617147,0.1017304271226748,133.251953125,389.0337882041931
322,11583,128,1.0,15.0,0.1619369190884754,0.0571039389760699,0.0094899298881045,0.0091560653490887,0.0051904204497293,0.1018521139048971,132.44921875,389.4983139038086
323,11615,128,1.0,15.0,0.1589253446145448,0.0559953687188681,0.010198185800391,0.0092943749841651,0.0052522515559651,0.1017869520001113,131.939453125,389.5761995315552
324,11647,128,1.0,15.0,0.1632566141197458,0.0563888516044244,0.0109420237429276,0.0093932715062692,0.0053555663456467,0.101738000230398,132.599609375,388.5991854667664
325,11679,128,1.0,15.0,0.165181594871683,0.0565235418616794,0.0108218170555574,0.0093935355835128,0.0054518212155864,0.1016971831559203,133.048828125,388.1089942455292
326,11711,128,1.0,15.0,0.1664694216451607,0.0564618661010172,0.0100156485459592,0.0093876874561829,0.0054664379612862,0.1015517971245572,133.537109375,388.4835643768311
327,11743,128,1.0,15.0,0.168471471988596,0.0570114431611727,0.0096808164835238,0.009220570045727,0.0054458084328525,0.1017832778161391,134.0078125,388.9197247028351
328,11807,128,1.0,15.0,0.1652155718184076,0.0564647756691556,0.0094939035118386,0.0090132429650111,0.0053479376523419,0.1012841191841289,133.826171875,390.8557457923889
329,11839,128,1.0,15.0,0.1679685677227098,0.0571497000637464,0.0097491513529348,0.0089834085592883,0.0053699532906246,0.1010847321595065,134.140625,390.3132514953613
330,11871,128,1.0,15.0,0.1654143008345272,0.0571367611119058,0.0095575306054342,0.0091556735205813,0.0054088394173363,0.1009343617479316,133.87109375,389.9087815284729
331,11903,128,1.0,15.0,0.1596779111714568,0.0562197240069508,0.0092756332567205,0.0091773543026647,0.0053314136038657,0.1010398781509138,133.115234375,390.7646954059601
332,11935,128,1.0,15.0,0.1624542445060797,0.0572217963926959,0.0089332759232547,0.0091715464004664,0.0053534162035002,0.1010665917419828,133.65625,390.0289866924286
333,11967,128,1.0,15.0,0.1581461176101584,0.0567510633845813,0.0090716530362442,0.0091866896691499,0.0052933171109327,0.1014133275602944,133.0625,390.236608505249
334,11999,128,1.0,15.0,0.1610862346133217,0.0575554171518888,0.0088504036280028,0.0091208134253975,0.0052828483049497,0.1012892080470919,133.1015625,390.0345101356506
335,12031,128,1.0,15.0,0.1638137559930328,0.0584558231639675,0.0090078220678151,0.0092570788692682,0.0052999884689495,0.1015479595516808,133.267578125,389.0939438343048
336,12063,128,1.0,15.0,0.1635684233042411,0.0584572983789257,0.0097011172556449,0.0093694414681522,0.005284877093088,0.1019326308160089,132.884765625,388.3827221393585
337,12095,128,1.0,15.0,0.1636238997161854,0.0587869548180606,0.0098740334406102,0.0093261088732106,0.0052848786398197,0.1017732471227645,132.806640625,388.2417485713959
338,12127,128,1.0,15.0,0.1563618314103223,0.0579119957692455,0.0100608202646981,0.0093780152783438,0.0052155497742737,0.101955069694668,131.96875,388.6957120895386
339,12191,128,1.0,15.0,0.1540667118970304,0.0573367947363294,0.0098172589600835,0.0092496137076523,0.0052122458864754,0.1011573362047784,132.267578125,389.1897768974304
340,12223,128,1.0,15.0,0.1582889158162288,0.0573512033151928,0.0098583103595046,0.009212561064487,0.0051886001574635,0.1010555159300565,132.822265625,389.3246684074402
341,12255,128,1.0,15.0,0.1661282688146457,0.0579497704748064,0.010211521750989,0.0091122979065403,0.0052171089684745,0.1009341444587335,133.734375,388.6840453147888
342,12287,128,1.0,15.0,0.1658486637752503,0.058001732249977,0.0096987470910789,0.0091220030080876,0.005197493203188,0.1012275023385882,133.521484375,389.1864719390869
343,12319,128,1.0,15.0,0.1664901636540889,0.0577044937817845,0.0100246620991129,0.0091323813030612,0.0052277559055065,0.1013915374642238,133.330078125,389.3920252323151
344,12351,128,1.0,15.0,0.1634383960335981,0.0571682484296616,0.0092294693272378,0.0091581803571898,0.0052567200059723,0.1014469205401837,133.01171875,389.9228060245514
345,12383,128,1.0,15.0,0.1614303235255647,0.0567542286007665,0.009188347921281,0.0092963113820587,0.0052917894458152,0.1016306750243529,132.7734375,390.3147313594818
346,12415,128,1.0,15.0,0.1641664894705172,0.0573119333712384,0.0091548615187093,0.0093929727809154,0.0053757349612351,0.101684515888337,132.888671875,389.7902834415436
347,12447,128,1.0,15.0,0.1684966922330204,0.0580585360876284,0.0094993637308107,0.0094543913801317,0.0054380165292872,0.1015299379942007,133.365234375,388.8608555793762
348,12479,128,1.0,15.0,0.1711063493567053,0.0587332394788973,0.0109240716853946,0.0095751427179493,0.0055112646364853,0.1016495391959324,133.609375,387.6196761131287
349,12511,128,1.0,15.0,0.1740721563692204,0.0594834382063709,0.010899444566121,0.0095450313274341,0.0055534191408324,0.1014109953539446,133.931640625,387.43374729156494
350,12543,128,1.0,15.0,0.1712995467532891,0.0588664647075347,0.0108019328235968,0.0094963448864291,0.0055129452330969,0.1014587334939278,133.59375,388.0571553707123
351,12607,128,1.0,15.0,0.1611294600879773,0.0571208154724445,0.0102475579917609,0.0094002890946285,0.0053275651906157,0.1014596780296415,132.20703125,390.68373918533325
352,12639,128,1.0,15.0,0.1582401564810425,0.0571256335533689,0.01001698587811,0.0093221015886229,0.0053117906010527,0.1014591104467399,131.642578125,390.5106539726257
353,12671,128,1.0,15.0,0.1604128446488175,0.0575568523490801,0.0095504835207975,0.0092550612898776,0.0053221127721476,0.1010454696370288,131.72265625,390.6988260746002
354,12703,128,1.0,15.0,0.161368221451994,0.0577395772270392,0.0093663650316102,0.00913769919498,0.005280450745327,0.1012741497834213,132.130859375,390.7743067741394
355,12735,128,1.0,15.0,0.1666309431602712,0.0587210308876819,0.0102085095586517,0.0090180057850375,0.0053045101991618,0.1009578975499607,132.84375,389.6064021587372
356,12767,128,1.0,15.0,0.1617175377323292,0.0578780863143038,0.0108115424791321,0.0090910600738425,0.0052301715384052,0.1010058296378701,132.2421875,390.4720530509949
